year,track,driver,fp1_pace,fp2_pace,fp1_gap,fp2_gap,fp_pace_change,quali_pos,quali_gap,team,air_temp,track_temp,rainfall,finish_pos,driver_recent_avg_finish,team_recent_avg_finish,driver_track_avg_finish,team_track_avg_finish
2022,Bahrain Grand Prix,LEC,94.557,92.023,0.3640000000000043,0.086999999999989,2.534000000000006,1.0,0,Ferrari,19.43589743589745,25.40384615384616,False,1.0,,,,
2022,Bahrain Grand Prix,SAI,94.611,92.52,0.4180000000000063,0.583999999999989,2.091000000000008,3.0,0,Ferrari,19.43589743589745,25.40384615384616,False,2.0,,,,
2022,Bahrain Grand Prix,HAM,94.943,93.144,0.75,1.2079999999999984,1.7989999999999924,5.0,0,Mercedes,19.43589743589745,25.40384615384616,False,3.0,,,,
2022,Bahrain Grand Prix,RUS,94.629,92.529,0.436000000000007,0.5929999999999893,2.1000000000000085,9.0,0,Mercedes,19.43589743589745,25.40384615384616,False,4.0,,,,
2022,Bahrain Grand Prix,MAG,96.804,93.183,2.611000000000004,1.247,3.620999999999995,7.0,0,Haas F1 Team,19.43589743589745,25.40384615384616,False,5.0,,,,
2022,Bahrain Grand Prix,BOT,,92.951,,1.0149999999999864,,6.0,0,Alfa Romeo,19.43589743589745,25.40384615384616,False,6.0,,,,
2022,Bahrain Grand Prix,OCO,95.151,93.36,0.9579999999999984,1.4239999999999924,1.7909999999999968,11.0,0,Alpine,19.43589743589745,25.40384615384616,False,7.0,,,,
2022,Bahrain Grand Prix,TSU,95.028,93.789,0.835000000000008,1.8529999999999944,1.2390000000000043,16.0,0,AlphaTauri,19.43589743589745,25.40384615384616,False,8.0,,,,
2022,Bahrain Grand Prix,ALO,95.0,92.877,0.8070000000000022,0.9409999999999884,2.1230000000000047,8.0,0,Alpine,19.43589743589745,25.40384615384616,False,9.0,,,,
2022,Bahrain Grand Prix,ZHO,95.053,93.953,0.8599999999999994,2.016999999999996,1.0999999999999943,15.0,0,Alfa Romeo,19.43589743589745,25.40384615384616,False,10.0,,,,
2022,Bahrain Grand Prix,MSC,96.536,93.085,2.3430000000000035,1.1489999999999867,3.451000000000008,12.0,0,Haas F1 Team,19.43589743589745,25.40384615384616,False,11.0,,,,
2022,Bahrain Grand Prix,STR,94.814,93.958,0.6209999999999951,2.021999999999992,0.8559999999999945,19.0,0,Aston Martin,19.43589743589745,25.40384615384616,False,12.0,,,,
2022,Bahrain Grand Prix,ALB,95.923,94.735,1.730000000000004,2.7989999999999924,1.1880000000000024,14.0,0,Williams,19.43589743589745,25.40384615384616,False,13.0,,,,
2022,Bahrain Grand Prix,RIC,96.402,94.166,2.209000000000003,2.2299999999999898,2.236000000000004,18.0,0,McLaren,19.43589743589745,25.40384615384616,False,14.0,,,,
2022,Bahrain Grand Prix,NOR,96.304,93.28,2.111000000000004,1.343999999999994,3.024000000000001,13.0,0,McLaren,19.43589743589745,25.40384615384616,False,15.0,,,,
2022,Bahrain Grand Prix,LAT,95.644,94.486,1.4510000000000076,2.549999999999997,1.1580000000000013,20.0,0,Williams,19.43589743589745,25.40384615384616,False,16.0,,,,
2022,Bahrain Grand Prix,HUL,95.815,94.061,1.622,2.125,1.753999999999991,17.0,0,Aston Martin,19.43589743589745,25.40384615384616,False,17.0,,,,
2022,Bahrain Grand Prix,PER,95.05,92.958,0.8569999999999993,1.0219999999999914,2.0919999999999987,4.0,0,Red Bull Racing,19.43589743589745,25.40384615384616,False,18.0,,,,
2022,Bahrain Grand Prix,VER,94.742,91.936,0.5490000000000066,0.0,2.8059999999999974,2.0,0,Red Bull Racing,19.43589743589745,25.40384615384616,False,19.0,,,,
2022,Bahrain Grand Prix,GAS,94.193,93.621,0.0,1.684999999999988,0.5720000000000027,10.0,0,AlphaTauri,19.43589743589745,25.40384615384616,False,20.0,,,,
2022,Saudi Arabian Grand Prix,VER,90.888,90.214,0.1159999999999996,0.1400000000000005,0.6740000000000066,4.0,0,Red Bull Racing,23.48041958041958,25.364335664335663,False,1.0,19.0,18.5,,
2022,Saudi Arabian Grand Prix,LEC,90.772,90.074,0.0,0.0,0.6980000000000075,2.0,0,Ferrari,23.48041958041958,25.364335664335663,False,2.0,1.0,1.5,,
2022,Saudi Arabian Grand Prix,SAI,91.139,90.32,0.3669999999999902,0.2459999999999951,0.8190000000000026,3.0,0,Ferrari,23.48041958041958,25.364335664335663,False,3.0,2.0,1.5,,
2022,Saudi Arabian Grand Prix,PER,91.563,90.36,0.7909999999999968,0.2860000000000013,1.203000000000003,1.0,0,Red Bull Racing,23.48041958041958,25.364335664335663,False,4.0,18.0,18.5,,
2022,Saudi Arabian Grand Prix,RUS,92.839,90.664,2.066999999999993,0.5900000000000034,2.174999999999997,6.0,0,Mercedes,23.48041958041958,25.364335664335663,False,5.0,4.0,3.5,,
2022,Saudi Arabian Grand Prix,OCO,92.026,90.76,1.253999999999991,0.686000000000007,1.2659999999999911,5.0,0,Alpine,23.48041958041958,25.364335664335663,False,6.0,7.0,8.0,,
2022,Saudi Arabian Grand Prix,NOR,92.594,90.735,1.8219999999999883,0.6610000000000014,1.8589999999999949,11.0,0,McLaren,23.48041958041958,25.364335664335663,False,7.0,15.0,14.5,,
2022,Saudi Arabian Grand Prix,GAS,91.317,90.963,0.5449999999999875,0.8889999999999958,0.3539999999999992,9.0,0,AlphaTauri,23.48041958041958,25.364335664335663,False,8.0,20.0,14.0,,
2022,Saudi Arabian Grand Prix,MAG,124.638,92.344,33.866,2.269999999999996,32.29400000000001,10.0,0,Haas F1 Team,23.48041958041958,25.364335664335663,False,9.0,5.0,8.0,,
2022,Saudi Arabian Grand Prix,HAM,92.364,90.513,1.5919999999999987,0.4390000000000071,1.850999999999999,16.0,0,Mercedes,23.48041958041958,25.364335664335663,False,10.0,3.0,3.5,,
2022,Saudi Arabian Grand Prix,ZHO,92.608,91.615,1.8359999999999983,1.5409999999999968,0.9930000000000092,13.0,0,Alfa Romeo,23.48041958041958,25.364335664335663,False,11.0,10.0,8.0,,
2022,Saudi Arabian Grand Prix,HUL,93.034,91.615,2.2620000000000005,1.5409999999999968,1.4190000000000111,18.0,0,Aston Martin,23.48041958041958,25.364335664335663,False,12.0,17.0,14.5,,
2022,Saudi Arabian Grand Prix,STR,92.582,91.372,1.809999999999988,1.2980000000000018,1.2099999999999935,15.0,0,Aston Martin,23.48041958041958,25.364335664335663,False,13.0,12.0,14.5,,
2022,Saudi Arabian Grand Prix,ALB,93.087,91.866,2.3149999999999977,1.7920000000000016,1.2210000000000036,17.0,0,Williams,23.48041958041958,25.364335664335663,False,14.0,13.0,14.5,,
2022,Saudi Arabian Grand Prix,BOT,91.084,90.832,0.3119999999999976,0.7579999999999956,0.2520000000000095,8.0,0,Alfa Romeo,23.48041958041958,25.364335664335663,False,15.0,6.0,8.0,,
2022,Saudi Arabian Grand Prix,ALO,92.381,90.944,1.6089999999999949,0.8700000000000045,1.4369999999999976,7.0,0,Alpine,23.48041958041958,25.364335664335663,False,16.0,9.0,8.0,,
2022,Saudi Arabian Grand Prix,RIC,92.506,91.527,1.7339999999999949,1.453000000000003,0.9789999999999992,12.0,0,McLaren,23.48041958041958,25.364335664335663,False,17.0,14.0,14.5,,
2022,Saudi Arabian Grand Prix,LAT,93.529,91.814,2.756999999999991,1.7399999999999949,1.7150000000000034,19.0,0,Williams,23.48041958041958,25.364335664335663,False,18.0,16.0,14.5,,
2022,Saudi Arabian Grand Prix,TSU,91.505,90.886,0.7329999999999899,0.8119999999999976,0.6189999999999998,20.0,0,AlphaTauri,23.48041958041958,25.364335664335663,False,19.0,8.0,14.0,,
2022,Saudi Arabian Grand Prix,MSC,94.429,91.169,3.656999999999997,1.0949999999999989,3.260000000000005,14.0,0,Haas F1 Team,23.48041958041958,25.364335664335663,False,,11.0,8.0,,
2022,Australian Grand Prix,LEC,80.377,78.978,0.570999999999998,0.0,1.399000000000001,1.0,0,Ferrari,23.23783783783784,29.152252252252254,False,1.0,1.5,2.0,,
2022,Australian Grand Prix,PER,80.399,79.658,0.5930000000000035,0.6800000000000068,0.7409999999999997,3.0,0,Red Bull Racing,23.23783783783784,29.152252252252254,False,2.0,11.0,10.5,,
2022,Australian Grand Prix,RUS,81.457,80.212,1.6509999999999962,1.2340000000000089,1.2449999999999903,6.0,0,Mercedes,23.23783783783784,29.152252252252254,False,3.0,4.5,5.5,,
2022,Australian Grand Prix,HAM,81.027,80.521,1.2210000000000036,1.5430000000000064,0.5060000000000002,5.0,0,Mercedes,23.23783783783784,29.152252252252254,False,4.0,6.5,5.5,,
2022,Australian Grand Prix,NOR,80.878,80.1,1.0720000000000027,1.122,0.7780000000000058,4.0,0,McLaren,23.23783783783784,29.152252252252254,False,5.0,11.0,13.25,,
2022,Australian Grand Prix,RIC,81.155,80.203,1.3490000000000038,1.2250000000000083,0.9519999999999982,7.0,0,McLaren,23.23783783783784,29.152252252252254,False,6.0,15.5,13.25,,
2022,Australian Grand Prix,OCO,81.004,79.842,1.1980000000000075,0.8640000000000043,1.162000000000006,8.0,0,Alpine,23.23783783783784,29.152252252252254,False,7.0,6.5,9.5,,
2022,Australian Grand Prix,BOT,81.247,80.055,1.4410000000000025,1.0770000000000124,1.191999999999993,12.0,0,Alfa Romeo,23.23783783783784,29.152252252252254,False,8.0,10.5,10.5,,
2022,Australian Grand Prix,GAS,81.701,80.142,1.894999999999996,1.1640000000000017,1.5589999999999975,11.0,0,AlphaTauri,23.23783783783784,29.152252252252254,False,9.0,14.0,13.75,,
2022,Australian Grand Prix,ALB,82.754,81.912,2.9480000000000075,2.934000000000012,0.8419999999999987,16.0,0,Williams,23.23783783783784,29.152252252252254,False,10.0,13.5,15.25,,
2022,Australian Grand Prix,ZHO,81.821,81.063,2.015000000000001,2.085000000000008,0.7579999999999956,14.0,0,Alfa Romeo,23.23783783783784,29.152252252252254,False,11.0,10.5,10.5,,
2022,Australian Grand Prix,STR,81.869,80.611,2.0630000000000024,1.6330000000000098,1.2579999999999956,20.0,0,Aston Martin,23.23783783783784,29.152252252252254,False,12.0,12.5,13.5,,
2022,Australian Grand Prix,MSC,84.349,81.974,4.543000000000006,2.9960000000000093,2.375,15.0,0,Haas F1 Team,23.23783783783784,29.152252252252254,False,13.0,,,,
2022,Australian Grand Prix,MAG,83.186,81.191,3.3800000000000097,2.213000000000008,1.9950000000000043,17.0,0,Haas F1 Team,23.23783783783784,29.152252252252254,False,14.0,7.0,,,
2022,Australian Grand Prix,TSU,81.289,80.424,1.483000000000004,1.4460000000000122,0.8649999999999949,13.0,0,AlphaTauri,23.23783783783784,29.152252252252254,False,15.0,13.5,13.75,,
2022,Australian Grand Prix,LAT,83.924,82.307,4.118000000000009,3.329000000000008,1.6170000000000044,19.0,0,Williams,23.23783783783784,29.152252252252254,False,16.0,17.0,15.25,,
2022,Australian Grand Prix,ALO,81.229,79.537,1.4230000000000018,0.5590000000000117,1.691999999999993,10.0,0,Alpine,23.23783783783784,29.152252252252254,False,17.0,12.5,9.5,,
2022,Australian Grand Prix,VER,80.626,79.223,0.8200000000000074,0.2450000000000045,1.4030000000000058,2.0,0,Red Bull Racing,23.23783783783784,29.152252252252254,False,18.0,10.0,10.5,,
2022,Australian Grand Prix,SAI,79.806,79.376,0.0,0.3980000000000103,0.4299999999999926,9.0,0,Ferrari,23.23783783783784,29.152252252252254,False,20.0,2.5,2.0,,
2022,Emilia Romagna Grand Prix,VER,90.867,80.371,1.4650000000000034,0.9140000000000016,10.49600000000001,1.0,0,Red Bull Racing,12.439823008849556,14.312389380530972,True,1.0,12.666666666666666,8.8,,
2022,Emilia Romagna Grand Prix,PER,93.012,79.538,3.61,0.081000000000003,13.474000000000004,7.0,0,Red Bull Racing,12.439823008849556,14.312389380530972,True,2.0,8.0,8.8,,
2022,Emilia Romagna Grand Prix,NOR,95.502,83.821,6.099999999999994,4.364000000000004,11.680999999999996,3.0,0,McLaren,12.439823008849556,14.312389380530972,True,3.0,9.0,10.0,,
2022,Emilia Romagna Grand Prix,RUS,94.262,79.457,4.859999999999999,0.0,14.805000000000009,11.0,0,Mercedes,12.439823008849556,14.312389380530972,True,4.0,4.0,5.2,,
2022,Emilia Romagna Grand Prix,LEC,89.402,79.74,0.0,0.2830000000000012,9.662000000000006,2.0,0,Ferrari,12.439823008849556,14.312389380530972,True,6.0,1.3333333333333333,5.6,,
2022,Emilia Romagna Grand Prix,TSU,93.611,80.381,4.209000000000003,0.9240000000000066,13.230000000000004,16.0,0,AlphaTauri,12.439823008849556,14.312389380530972,True,7.0,14.0,14.2,,
2022,Emilia Romagna Grand Prix,VET,93.365,81.155,3.962999999999994,1.6980000000000075,12.209999999999994,9.0,0,Aston Martin,12.439823008849556,14.312389380530972,True,8.0,,13.2,,
2022,Emilia Romagna Grand Prix,MAG,92.439,80.74,3.036999999999992,1.2830000000000013,11.698999999999998,4.0,0,Haas F1 Team,12.439823008849556,14.312389380530972,True,9.0,9.333333333333334,,,
2022,Emilia Romagna Grand Prix,STR,96.033,81.149,6.631,1.6920000000000073,14.884,15.0,0,Aston Martin,12.439823008849556,14.312389380530972,True,10.0,12.333333333333334,13.2,,
2022,Emilia Romagna Grand Prix,ALB,96.461,80.591,7.0589999999999975,1.1340000000000003,15.870000000000005,20.0,0,Williams,12.439823008849556,14.312389380530972,True,11.0,12.333333333333334,14.8,,
2022,Emilia Romagna Grand Prix,GAS,95.104,80.439,5.701999999999998,0.9819999999999992,14.665000000000006,17.0,0,AlphaTauri,12.439823008849556,14.312389380530972,True,12.0,12.333333333333334,14.2,,
2022,Emilia Romagna Grand Prix,HAM,96.464,79.992,7.061999999999998,0.5350000000000108,16.471999999999994,13.0,0,Mercedes,12.439823008849556,14.312389380530972,True,13.0,5.666666666666667,5.2,,
2022,Emilia Romagna Grand Prix,OCO,95.42,81.179,6.018000000000001,1.7220000000000084,14.241,19.0,0,Alpine,12.439823008849556,14.312389380530972,True,14.0,6.666666666666667,11.0,,
2022,Emilia Romagna Grand Prix,ZHO,97.45,80.498,8.048000000000002,1.041000000000011,16.951999999999998,14.0,0,Alfa Romeo,12.439823008849556,14.312389380530972,True,15.0,10.666666666666666,11.0,,
2022,Emilia Romagna Grand Prix,LAT,99.698,81.263,10.295999999999992,1.806000000000012,18.434999999999988,18.0,0,Williams,12.439823008849556,14.312389380530972,True,16.0,16.666666666666668,14.8,,
2022,Emilia Romagna Grand Prix,MSC,92.988,80.977,3.5859999999999985,1.5200000000000102,12.010999999999996,12.0,0,Haas F1 Team,12.439823008849556,14.312389380530972,True,17.0,,,,
2022,Emilia Romagna Grand Prix,ALO,93.16,80.174,3.757999999999996,0.717000000000013,12.98599999999999,5.0,0,Alpine,12.439823008849556,14.312389380530972,True,19.0,14.0,11.0,,
2022,Emilia Romagna Grand Prix,SAI,90.279,80.258,0.8769999999999953,0.8010000000000019,10.021,10.0,0,Ferrari,12.439823008849556,14.312389380530972,True,20.0,8.333333333333334,5.6,,
2022,Miami Grand Prix,VER,91.277,,0.179000000000002,,,3.0,0,Red Bull Racing,33.21,51.20875000000001,False,1.0,9.75,5.4,,
2022,Miami Grand Prix,LEC,91.098,90.044,0.0,0.1059999999999945,1.054000000000002,1.0,0,Ferrari,33.21,51.20875000000001,False,2.0,2.5,10.0,,
2022,Miami Grand Prix,SAI,91.528,90.964,0.4300000000000068,1.0259999999999962,0.5640000000000072,2.0,0,Ferrari,33.21,51.20875000000001,False,3.0,11.25,10.0,,
2022,Miami Grand Prix,PER,91.301,90.15,0.2030000000000029,0.2120000000000033,1.1509999999999962,4.0,0,Red Bull Racing,33.21,51.20875000000001,False,4.0,6.5,5.4,,
2022,Miami Grand Prix,RUS,91.169,89.938,0.0709999999999979,0.0,1.2309999999999943,12.0,0,Mercedes,33.21,51.20875000000001,False,5.0,4.0,6.8,,
2022,Miami Grand Prix,HAM,91.956,90.179,0.8580000000000041,0.2409999999999996,1.777000000000001,6.0,0,Mercedes,33.21,51.20875000000001,False,6.0,7.5,6.8,,
2022,Miami Grand Prix,OCO,93.417,90.861,2.3190000000000026,0.9230000000000018,2.5559999999999974,20.0,0,Alpine,33.21,51.20875000000001,False,8.0,8.5,14.6,,
2022,Miami Grand Prix,ALB,91.854,91.71,0.7560000000000002,1.7719999999999914,0.1440000000000054,18.0,0,Williams,33.21,51.20875000000001,False,9.0,12.0,14.2,,
2022,Miami Grand Prix,STR,93.576,91.631,2.4779999999999944,1.6929999999999978,1.9449999999999927,10.0,0,Aston Martin,33.21,51.20875000000001,False,10.0,11.75,11.0,,
2022,Miami Grand Prix,ALO,92.884,90.372,1.7860000000000014,0.4339999999999975,2.5120000000000005,11.0,0,Alpine,33.21,51.20875000000001,False,11.0,15.25,14.6,,
2022,Miami Grand Prix,TSU,94.043,91.26,2.9450000000000074,1.3220000000000027,2.7830000000000013,9.0,0,AlphaTauri,33.21,51.20875000000001,False,12.0,12.25,12.4,,
2022,Miami Grand Prix,RIC,92.592,91.208,1.4939999999999998,1.269999999999996,1.3840000000000003,14.0,0,McLaren,33.21,51.20875000000001,False,13.0,12.333333333333334,7.6,,
2022,Miami Grand Prix,LAT,95.637,92.913,4.5390000000000015,2.9749999999999943,2.724000000000004,19.0,0,Williams,33.21,51.20875000000001,False,14.0,16.5,14.2,,
2022,Miami Grand Prix,MSC,94.945,91.587,3.846999999999994,1.649000000000001,3.35799999999999,15.0,0,Haas F1 Team,33.21,51.20875000000001,False,15.0,,,,
2022,Miami Grand Prix,MAG,92.559,90.921,1.4609999999999983,0.983000000000004,1.637999999999991,16.0,0,Haas F1 Team,33.21,51.20875000000001,False,16.0,9.25,,,
2022,Miami Grand Prix,VET,93.024,91.393,1.926000000000002,1.4549999999999983,1.6310000000000002,13.0,0,Aston Martin,33.21,51.20875000000001,False,17.0,8.0,11.0,,
2022,Miami Grand Prix,GAS,91.498,90.547,0.4000000000000057,0.6089999999999947,0.9510000000000076,7.0,0,AlphaTauri,33.21,51.20875000000001,False,18.0,12.25,12.4,,
2022,Miami Grand Prix,NOR,92.615,90.535,1.516999999999996,0.5969999999999942,2.0799999999999983,8.0,0,McLaren,33.21,51.20875000000001,False,19.0,7.5,7.6,,
2022,Miami Grand Prix,ZHO,93.02,90.86,1.921999999999997,0.921999999999997,2.1599999999999966,17.0,0,Alfa Romeo,33.21,51.20875000000001,False,20.0,11.75,12.0,,
2022,Spanish Grand Prix,VER,80.164,80.006,0.3359999999999985,0.3359999999999985,0.1580000000000012,2.0,0,Red Bull Racing,34.67051282051281,47.19871794871794,False,1.0,8.0,5.2,,
2022,Spanish Grand Prix,RUS,80.59,79.787,0.7620000000000005,0.1170000000000044,0.8029999999999973,4.0,0,Mercedes,34.67051282051281,47.19871794871794,False,3.0,4.2,6.4,,
2022,Spanish Grand Prix,SAI,79.907,79.99,0.0789999999999935,0.3199999999999932,-0.0829999999999984,3.0,0,Ferrari,34.67051282051281,47.19871794871794,False,4.0,9.6,10.2,,
2022,Spanish Grand Prix,HAM,80.811,79.874,0.983000000000004,0.2039999999999935,0.9370000000000118,6.0,0,Mercedes,34.67051282051281,47.19871794871794,False,5.0,7.2,6.4,,
2022,Spanish Grand Prix,BOT,82.614,81.828,2.7860000000000014,2.1580000000000013,0.7860000000000014,7.0,0,Alfa Romeo,34.67051282051281,47.19871794871794,False,6.0,9.666666666666666,13.8,,
2022,Spanish Grand Prix,OCO,81.891,80.745,2.0630000000000024,1.0750000000000028,1.1460000000000008,12.0,0,Alpine,34.67051282051281,47.19871794871794,False,7.0,8.4,13.8,,
2022,Spanish Grand Prix,NOR,81.279,83.388,1.4509999999999934,3.718000000000004,-2.109000000000009,11.0,0,McLaren,34.67051282051281,47.19871794871794,False,8.0,9.8,9.2,,
2022,Spanish Grand Prix,ALO,80.768,80.203,0.9399999999999976,0.5330000000000013,0.5649999999999977,17.0,0,Alpine,34.67051282051281,47.19871794871794,False,9.0,14.4,13.8,,
2022,Spanish Grand Prix,TSU,81.814,81.285,1.98599999999999,1.6149999999999949,0.5289999999999964,13.0,0,AlphaTauri,34.67051282051281,47.19871794871794,False,10.0,12.2,12.8,,
2022,Spanish Grand Prix,VET,82.164,80.703,2.3359999999999985,1.0330000000000013,1.4609999999999983,16.0,0,Aston Martin,34.67051282051281,47.19871794871794,False,11.0,12.5,11.4,,
2022,Spanish Grand Prix,RIC,81.737,81.385,1.908999999999992,1.7150000000000034,0.3519999999999896,9.0,0,McLaren,34.67051282051281,47.19871794871794,False,12.0,12.5,9.2,,
2022,Spanish Grand Prix,GAS,81.422,80.917,1.593999999999994,1.247,0.5049999999999955,14.0,0,AlphaTauri,34.67051282051281,47.19871794871794,False,13.0,13.4,12.8,,
2022,Spanish Grand Prix,MSC,82.146,80.757,2.317999999999998,1.0870000000000033,1.3889999999999958,10.0,0,Haas F1 Team,34.67051282051281,47.19871794871794,False,14.0,,14.2,,
2022,Spanish Grand Prix,STR,81.92,81.249,2.0919999999999987,1.5789999999999935,0.6710000000000065,18.0,0,Aston Martin,34.67051282051281,47.19871794871794,False,15.0,11.4,11.4,,
2022,Spanish Grand Prix,LAT,83.011,83.197,3.1829999999999927,3.527000000000001,-0.186000000000007,20.0,0,Williams,34.67051282051281,47.19871794871794,False,16.0,16.0,13.2,,
2022,Spanish Grand Prix,MAG,82.089,81.013,2.260999999999996,1.3430000000000035,1.0759999999999934,8.0,0,Haas F1 Team,34.67051282051281,47.19871794871794,False,17.0,10.6,14.2,,
2022,Spanish Grand Prix,LEC,79.828,79.67,0.0,0.0,0.1580000000000012,1.0,0,Ferrari,34.67051282051281,47.19871794871794,False,20.0,2.4,10.2,,
2022,Monaco Grand Prix,PER,74.57,73.035,0.0389999999999872,0.3789999999999907,1.5349999999999966,3.0,0,Red Bull Racing,26.712345679012348,48.44444444444445,False,1.0,6.0,1.8,,
2022,Monaco Grand Prix,SAI,74.601,72.7,0.0699999999999931,0.0439999999999969,1.900999999999996,2.0,0,Ferrari,26.712345679012348,48.44444444444445,False,2.0,10.0,9.8,,
2022,Monaco Grand Prix,VER,74.712,73.103,0.1809999999999973,0.4469999999999885,1.6090000000000089,4.0,0,Red Bull Racing,26.712345679012348,48.44444444444445,False,3.0,4.4,1.8,,
2022,Monaco Grand Prix,LEC,74.531,72.656,0.0,0.0,1.875,1.0,0,Ferrari,26.712345679012348,48.44444444444445,False,4.0,6.2,9.8,,
2022,Monaco Grand Prix,RUS,75.211,73.406,0.6799999999999926,0.75,1.8049999999999928,6.0,0,Mercedes,26.712345679012348,48.44444444444445,False,5.0,4.0,6.4,,
2022,Monaco Grand Prix,NOR,75.056,73.294,0.5249999999999915,0.637999999999991,1.7620000000000005,5.0,0,McLaren,26.712345679012348,48.44444444444445,False,6.0,8.4,11.0,,
2022,Monaco Grand Prix,ALO,75.749,73.912,1.217999999999989,1.2560000000000002,1.836999999999989,7.0,0,Alpine,26.712345679012348,48.44444444444445,False,7.0,14.4,10.8,,
2022,Monaco Grand Prix,HAM,75.499,74.267,0.9679999999999892,1.61099999999999,1.231999999999999,8.0,0,Mercedes,26.712345679012348,48.44444444444445,False,8.0,7.6,6.4,,
2022,Monaco Grand Prix,BOT,103.912,74.468,29.381,1.8119999999999976,29.444000000000003,12.0,0,Alfa Romeo,26.712345679012348,48.44444444444445,False,9.0,8.75,12.0,,
2022,Monaco Grand Prix,VET,75.387,74.059,0.8559999999999945,1.4029999999999916,1.328000000000003,9.0,0,Aston Martin,26.712345679012348,48.44444444444445,False,10.0,12.0,12.6,,
2022,Monaco Grand Prix,GAS,75.083,73.636,0.5519999999999925,0.9799999999999898,1.4470000000000027,17.0,0,AlphaTauri,26.712345679012348,48.44444444444445,False,11.0,12.0,13.0,,
2022,Monaco Grand Prix,OCO,76.315,75.216,1.7839999999999918,2.559999999999988,1.0990000000000038,10.0,0,Alpine,26.712345679012348,48.44444444444445,False,12.0,8.4,10.8,,
2022,Monaco Grand Prix,RIC,75.157,104.698,0.6259999999999906,32.04199999999999,-29.541,14.0,0,McLaren,26.712345679012348,48.44444444444445,False,13.0,12.4,11.0,,
2022,Monaco Grand Prix,STR,75.539,74.623,1.0079999999999956,1.9669999999999987,0.9159999999999968,18.0,0,Aston Martin,26.712345679012348,48.44444444444445,False,14.0,12.0,12.6,,
2022,Monaco Grand Prix,LAT,77.714,76.276,3.1829999999999927,3.6199999999999903,1.4380000000000024,19.0,0,Williams,26.712345679012348,48.44444444444445,False,15.0,16.0,13.2,,
2022,Monaco Grand Prix,ZHO,76.417,74.525,1.885999999999996,1.869,1.891999999999996,20.0,0,Alfa Romeo,26.712345679012348,48.44444444444445,False,16.0,13.4,12.0,,
2022,Monaco Grand Prix,TSU,75.536,74.134,1.0049999999999957,1.4779999999999944,1.402000000000001,11.0,0,AlphaTauri,26.712345679012348,48.44444444444445,False,17.0,12.6,13.0,,
2022,Monaco Grand Prix,ALB,76.11,74.486,1.5789999999999935,1.8299999999999983,1.6239999999999952,16.0,0,Williams,26.712345679012348,48.44444444444445,False,18.0,11.4,13.2,,
2022,Monaco Grand Prix,MSC,78.636,74.894,4.10499999999999,2.2379999999999995,3.7419999999999902,15.0,0,Haas F1 Team,26.712345679012348,48.44444444444445,False,19.0,,15.8,,
2022,Monaco Grand Prix,MAG,75.806,74.239,1.2749999999999917,1.5829999999999984,1.566999999999993,13.0,0,Haas F1 Team,26.712345679012348,48.44444444444445,False,20.0,13.0,15.8,,
2022,Azerbaijan Grand Prix,VER,105.81,103.58,0.3340000000000032,0.3559999999999945,2.230000000000004,3.0,0,Red Bull Racing,24.82477876106195,35.17522123893806,False,1.0,4.8,2.0,,
2022,Azerbaijan Grand Prix,PER,105.476,103.472,0.0,0.2479999999999904,2.004000000000005,2.0,0,Red Bull Racing,24.82477876106195,35.17522123893806,False,2.0,2.6,2.0,,
2022,Azerbaijan Grand Prix,RUS,106.705,104.548,1.2289999999999992,1.323999999999998,2.1569999999999965,5.0,0,Mercedes,24.82477876106195,35.17522123893806,False,3.0,4.0,5.4,,
2022,Azerbaijan Grand Prix,HAM,106.667,104.874,1.1910000000000025,1.6499999999999917,1.7930000000000064,7.0,0,Mercedes,24.82477876106195,35.17522123893806,False,4.0,7.2,5.4,,
2022,Azerbaijan Grand Prix,GAS,106.83,104.315,1.3539999999999992,1.090999999999994,2.515000000000001,6.0,0,AlphaTauri,24.82477876106195,35.17522123893806,False,5.0,12.6,13.8,,
2022,Azerbaijan Grand Prix,VET,107.97,104.781,2.494,1.5570000000000022,3.188999999999993,9.0,0,Aston Martin,24.82477876106195,35.17522123893806,False,6.0,11.5,13.4,,
2022,Azerbaijan Grand Prix,ALO,106.571,104.142,1.0949999999999989,0.9179999999999922,2.429000000000002,10.0,0,Alpine,24.82477876106195,35.17522123893806,False,7.0,12.6,9.2,,
2022,Azerbaijan Grand Prix,RIC,108.81,105.059,3.334000000000003,1.8349999999999933,3.7510000000000048,12.0,0,McLaren,24.82477876106195,35.17522123893806,False,8.0,12.2,11.6,,
2022,Azerbaijan Grand Prix,NOR,107.691,104.771,2.2150000000000034,1.546999999999997,2.9200000000000017,11.0,0,McLaren,24.82477876106195,35.17522123893806,False,9.0,8.2,11.6,,
2022,Azerbaijan Grand Prix,OCO,106.917,104.609,1.4410000000000025,1.384999999999991,2.308000000000007,13.0,0,Alpine,24.82477876106195,35.17522123893806,False,10.0,9.6,9.2,,
2022,Azerbaijan Grand Prix,BOT,108.078,105.115,2.602000000000004,1.8909999999999911,2.963000000000008,15.0,0,Alfa Romeo,24.82477876106195,35.17522123893806,False,11.0,8.8,13.2,,
2022,Azerbaijan Grand Prix,ALB,108.419,106.397,2.942999999999998,3.173000000000002,2.021999999999992,17.0,0,Williams,24.82477876106195,35.17522123893806,False,12.0,12.4,14.4,,
2022,Azerbaijan Grand Prix,TSU,106.696,104.567,1.2199999999999989,1.342999999999989,2.129000000000005,8.0,0,AlphaTauri,24.82477876106195,35.17522123893806,False,13.0,12.2,13.8,,
2022,Azerbaijan Grand Prix,MSC,118.332,106.425,12.855999999999996,3.2009999999999934,11.906999999999996,20.0,0,Haas F1 Team,24.82477876106195,35.17522123893806,False,14.0,15.6,17.2,,
2022,Azerbaijan Grand Prix,LAT,110.921,107.218,5.445000000000007,3.994,3.703000000000003,18.0,0,Williams,24.82477876106195,35.17522123893806,False,15.0,15.4,14.4,,
2022,Azerbaijan Grand Prix,STR,107.847,104.874,2.370999999999995,1.6499999999999917,2.972999999999999,19.0,0,Aston Martin,24.82477876106195,35.17522123893806,False,16.0,12.2,13.4,,
2022,Azerbaijan Grand Prix,MAG,107.946,105.588,2.469999999999999,2.36399999999999,2.358000000000004,16.0,0,Haas F1 Team,24.82477876106195,35.17522123893806,False,17.0,15.2,17.2,,
2022,Azerbaijan Grand Prix,ZHO,108.222,105.264,2.745999999999995,2.039999999999992,2.9579999999999984,14.0,0,Alfa Romeo,24.82477876106195,35.17522123893806,False,18.0,14.6,13.2,,
2022,Azerbaijan Grand Prix,LEC,105.603,103.224,0.1269999999999953,0.0,2.3789999999999907,1.0,0,Ferrari,24.82477876106195,35.17522123893806,False,19.0,6.6,6.6,,
2022,Azerbaijan Grand Prix,SAI,106.012,104.274,0.5360000000000014,1.0499999999999972,1.7379999999999995,4.0,0,Ferrari,24.82477876106195,35.17522123893806,False,20.0,9.8,6.6,,
2022,Canadian Grand Prix,VER,75.158,74.127,0.0,0.0,1.031000000000006,1.0,0,Red Bull Racing,13.494444444444444,18.12333333333333,True,1.0,1.4,1.6,,
2022,Canadian Grand Prix,SAI,75.404,74.352,0.2459999999999951,0.2250000000000085,1.0519999999999925,3.0,0,Ferrari,13.494444444444444,18.12333333333333,True,2.0,9.8,13.0,,
2022,Canadian Grand Prix,HAM,75.877,75.421,0.7189999999999941,1.2940000000000111,0.4559999999999888,4.0,0,Mercedes,13.494444444444444,18.12333333333333,True,3.0,7.2,5.0,,
2022,Canadian Grand Prix,RUS,75.822,74.971,0.6640000000000015,0.8440000000000083,0.8509999999999991,8.0,0,Mercedes,13.494444444444444,18.12333333333333,True,4.0,4.0,5.0,,
2022,Canadian Grand Prix,LEC,75.666,74.208,0.5079999999999956,0.081000000000003,1.4579999999999984,15.0,0,Ferrari,13.494444444444444,18.12333333333333,True,5.0,10.2,13.0,,
2022,Canadian Grand Prix,OCO,76.421,75.119,1.2630000000000052,0.9920000000000044,1.3020000000000067,7.0,0,Alpine,13.494444444444444,18.12333333333333,True,6.0,10.2,9.0,,
2022,Canadian Grand Prix,BOT,76.426,,1.268000000000001,,,11.0,0,Alfa Romeo,13.494444444444444,18.12333333333333,True,7.0,9.8,12.0,,
2022,Canadian Grand Prix,ZHO,77.152,75.526,1.994,1.399000000000001,1.6260000000000048,10.0,0,Alfa Romeo,13.494444444444444,18.12333333333333,True,8.0,16.0,12.0,,
2022,Canadian Grand Prix,ALO,75.531,74.543,0.3730000000000046,0.416000000000011,0.9879999999999995,2.0,0,Alpine,13.494444444444444,18.12333333333333,True,9.0,10.6,9.0,,
2022,Canadian Grand Prix,STR,75.877,75.396,0.7189999999999941,1.2690000000000057,0.4809999999999945,18.0,0,Aston Martin,13.494444444444444,18.12333333333333,True,10.0,13.0,12.2,,
2022,Canadian Grand Prix,RIC,76.083,75.033,0.9249999999999972,0.906000000000006,1.0499999999999972,9.0,0,McLaren,13.494444444444444,18.12333333333333,True,11.0,10.4,9.6,,
2022,Canadian Grand Prix,VET,76.041,74.442,0.8829999999999956,0.3149999999999977,1.5990000000000038,17.0,0,Aston Martin,13.494444444444444,18.12333333333333,True,12.0,10.4,12.2,,
2022,Canadian Grand Prix,ALB,76.308,76.171,1.1500000000000057,2.044000000000011,0.1370000000000004,12.0,0,Williams,13.494444444444444,18.12333333333333,True,13.0,12.0,15.2,,
2022,Canadian Grand Prix,GAS,76.165,74.879,1.007000000000005,0.7520000000000095,1.2860000000000014,16.0,0,AlphaTauri,13.494444444444444,18.12333333333333,True,14.0,11.8,11.8,,
2022,Canadian Grand Prix,NOR,76.211,74.987,1.0529999999999973,0.8599999999999994,1.2240000000000038,14.0,0,McLaren,13.494444444444444,18.12333333333333,True,15.0,9.0,9.6,,
2022,Canadian Grand Prix,LAT,77.241,76.509,2.0829999999999984,2.382000000000005,0.7319999999999993,19.0,0,Williams,13.494444444444444,18.12333333333333,True,16.0,15.2,15.2,,
2022,Canadian Grand Prix,MAG,77.555,75.499,2.3970000000000056,1.372,2.056000000000012,5.0,0,Haas F1 Team,13.494444444444444,18.12333333333333,True,17.0,15.8,17.4,,
2022,Canadian Grand Prix,TSU,76.322,75.567,1.1640000000000017,1.4399999999999975,0.7550000000000097,20.0,0,AlphaTauri,13.494444444444444,18.12333333333333,True,18.0,11.8,11.8,,
2022,Canadian Grand Prix,MSC,77.223,75.516,2.0649999999999977,1.38900000000001,1.7069999999999936,6.0,0,Haas F1 Team,13.494444444444444,18.12333333333333,True,19.0,15.8,17.4,,
2022,Canadian Grand Prix,PER,75.619,75.167,0.4609999999999985,1.0400000000000065,0.4519999999999982,13.0,0,Red Bull Racing,13.494444444444444,18.12333333333333,True,20.0,2.2,1.6,,
2022,British Grand Prix,SAI,102.967,88.942,0.7180000000000035,0.0,14.025000000000006,1.0,0,Ferrari,14.903797468354432,20.853164556962028,True,1.0,6.2,10.0,,
2022,British Grand Prix,PER,,89.753,,0.811000000000007,,4.0,0,Red Bull Racing,14.903797468354432,20.853164556962028,True,2.0,5.8,5.4,,
2022,British Grand Prix,HAM,102.781,89.105,0.5320000000000107,0.1630000000000109,13.676000000000002,5.0,0,Mercedes,14.903797468354432,20.853164556962028,True,3.0,5.2,4.4,,
2022,British Grand Prix,LEC,103.801,89.404,1.5520000000000067,0.4620000000000033,14.397000000000006,3.0,0,Ferrari,14.903797468354432,20.853164556962028,True,4.0,10.0,10.0,,
2022,British Grand Prix,ALO,,89.695,,0.7530000000000001,,7.0,0,Alpine,14.903797468354432,20.853164556962028,True,5.0,8.6,8.8,,
2022,British Grand Prix,NOR,104.337,89.118,2.088000000000008,0.1760000000000019,15.219000000000008,6.0,0,McLaren,14.903797468354432,20.853164556962028,True,6.0,11.4,11.2,,
2022,British Grand Prix,VER,,89.149,,0.2070000000000078,,2.0,0,Red Bull Racing,14.903797468354432,20.853164556962028,True,7.0,1.4,5.4,,
2022,British Grand Prix,MSC,103.895,90.609,1.6460000000000008,1.6670000000000016,13.286,19.0,0,Haas F1 Team,14.903797468354432,20.853164556962028,True,8.0,16.2,17.4,,
2022,British Grand Prix,VET,116.216,90.057,13.967,1.115000000000009,26.158999999999992,18.0,0,Aston Martin,14.903797468354432,20.853164556962028,True,9.0,11.2,11.6,,
2022,British Grand Prix,MAG,108.161,90.48,5.912000000000006,1.538000000000011,17.680999999999997,17.0,0,Haas F1 Team,14.903797468354432,20.853164556962028,True,10.0,17.4,17.4,,
2022,British Grand Prix,STR,111.243,89.942,8.994,1.0,21.301,20.0,0,Aston Martin,14.903797468354432,20.853164556962028,True,11.0,13.0,11.6,,
2022,British Grand Prix,LAT,,91.326,,2.3840000000000003,,10.0,0,Williams,14.903797468354432,20.853164556962028,True,12.0,15.2,14.8,,
2022,British Grand Prix,RIC,115.899,89.902,13.650000000000006,0.960000000000008,25.997,14.0,0,McLaren,14.903797468354432,20.853164556962028,True,13.0,11.4,11.2,,
2022,British Grand Prix,TSU,109.972,90.338,7.722999999999999,1.3960000000000008,19.634,13.0,0,AlphaTauri,14.903797468354432,20.853164556962028,True,14.0,14.0,13.4,,
2022,British Grand Prix,OCO,,90.238,,1.2960000000000065,,15.0,0,Alpine,14.903797468354432,20.853164556962028,True,15.0,8.6,8.8,,
2022,British Grand Prix,GAS,,90.51,,1.568000000000012,,11.0,0,AlphaTauri,14.903797468354432,20.853164556962028,True,16.0,12.2,13.4,,
2022,British Grand Prix,BOT,102.249,90.0,0.0,1.058000000000007,12.248999999999995,12.0,0,Alfa Romeo,14.903797468354432,20.853164556962028,True,17.0,8.2,12.0,,
2022,British Grand Prix,RUS,,89.799,,0.8570000000000135,,8.0,0,Mercedes,14.903797468354432,20.853164556962028,True,18.0,4.0,4.4,,
2022,British Grand Prix,ZHO,106.171,90.271,3.9220000000000113,1.3290000000000075,15.900000000000006,9.0,0,Alfa Romeo,14.903797468354432,20.853164556962028,True,19.0,15.4,12.0,,
2022,British Grand Prix,ALB,,90.263,,1.3210000000000122,,16.0,0,Williams,14.903797468354432,20.853164556962028,True,20.0,12.6,14.8,,
2022,Austrian Grand Prix,LEC,66.557,68.66,0.2549999999999954,0.0499999999999971,-2.1029999999999944,2.0,0,Ferrari,19.0010101010101,35.94949494949495,False,1.0,10.4,6.4,,
2022,Austrian Grand Prix,VER,66.302,68.778,0.0,0.1680000000000063,-2.475999999999999,1.0,0,Red Bull Racing,19.0010101010101,35.94949494949495,False,2.0,2.6,6.4,,
2022,Austrian Grand Prix,HAM,66.909,69.35,0.6069999999999993,0.7399999999999949,-2.4409999999999883,9.0,0,Mercedes,19.0010101010101,35.94949494949495,False,3.0,4.6,6.4,,
2022,Austrian Grand Prix,RUS,66.702,69.24,0.3999999999999915,0.6299999999999955,-2.5379999999999967,4.0,0,Mercedes,19.0010101010101,35.94949494949495,False,4.0,6.6,6.4,,
2022,Austrian Grand Prix,OCO,67.462,68.848,1.1599999999999966,0.2379999999999995,-1.3859999999999957,5.0,0,Alpine,19.0010101010101,35.94949494949495,False,5.0,10.0,9.0,,
2022,Austrian Grand Prix,MSC,67.246,69.7,0.9439999999999884,1.0900000000000034,-2.454000000000008,7.0,0,Haas F1 Team,19.0010101010101,35.94949494949495,False,6.0,14.8,14.2,,
2022,Austrian Grand Prix,NOR,69.915,69.519,3.613,0.909000000000006,0.3960000000000008,15.0,0,McLaren,19.0010101010101,35.94949494949495,False,7.0,8.8,10.8,,
2022,Austrian Grand Prix,MAG,66.965,69.96,0.6629999999999967,1.3499999999999943,-2.9949999999999903,6.0,0,Haas F1 Team,19.0010101010101,35.94949494949495,False,8.0,16.2,14.2,,
2022,Austrian Grand Prix,RIC,67.743,69.852,1.4409999999999883,1.2420000000000044,-2.109000000000009,16.0,0,McLaren,19.0010101010101,35.94949494949495,False,9.0,11.4,10.8,,
2022,Austrian Grand Prix,ALO,67.1,68.832,0.7979999999999876,0.2219999999999942,-1.731999999999999,8.0,0,Alpine,19.0010101010101,35.94949494949495,False,10.0,7.4,9.0,,
2022,Austrian Grand Prix,BOT,67.522,69.251,1.2199999999999989,0.6410000000000053,-1.7289999999999992,12.0,0,Alfa Romeo,19.0010101010101,35.94949494949495,False,11.0,10.0,13.8,,
2022,Austrian Grand Prix,ALB,67.582,69.74,1.279999999999987,1.1299999999999957,-2.1580000000000013,11.0,0,Williams,19.0010101010101,35.94949494949495,False,12.0,14.4,15.2,,
2022,Austrian Grand Prix,STR,67.431,69.525,1.128999999999991,0.9150000000000064,-2.0940000000000083,17.0,0,Aston Martin,19.0010101010101,35.94949494949495,False,13.0,13.2,11.6,,
2022,Austrian Grand Prix,ZHO,67.889,69.665,1.586999999999989,1.0550000000000068,-1.7760000000000105,18.0,0,Alfa Romeo,19.0010101010101,35.94949494949495,False,14.0,16.2,13.8,,
2022,Austrian Grand Prix,GAS,67.592,69.579,1.289999999999992,0.968999999999994,-1.9869999999999948,10.0,0,AlphaTauri,19.0010101010101,35.94949494949495,False,15.0,11.8,15.0,,
2022,Austrian Grand Prix,TSU,67.296,70.005,0.9939999999999998,1.394999999999996,-2.708999999999989,14.0,0,AlphaTauri,19.0010101010101,35.94949494949495,False,16.0,14.4,15.0,,
2022,Austrian Grand Prix,VET,67.476,69.602,1.1739999999999924,0.9920000000000044,-2.1260000000000048,20.0,0,Aston Martin,19.0010101010101,35.94949494949495,False,17.0,9.6,11.6,,
2022,Austrian Grand Prix,SAI,67.039,68.61,0.7369999999999948,0.0,-1.570999999999998,3.0,0,Ferrari,19.0010101010101,35.94949494949495,False,18.0,5.8,6.4,,
2022,Austrian Grand Prix,LAT,68.149,70.261,1.8469999999999944,1.6509999999999962,-2.1119999999999948,19.0,0,Williams,19.0010101010101,35.94949494949495,False,19.0,14.8,15.2,,
2022,Austrian Grand Prix,PER,66.839,69.179,0.5369999999999919,0.5690000000000026,-2.3400000000000034,13.0,0,Red Bull Racing,19.0010101010101,35.94949494949495,False,20.0,5.8,6.4,,
2022,French Grand Prix,VER,94.021,93.077,0.0909999999999939,0.5499999999999972,0.9440000000000026,2.0,0,Red Bull Racing,30.514285714285727,54.812987012987016,False,1.0,2.8,10.2,,
2022,French Grand Prix,RUS,94.881,93.291,0.9509999999999934,0.7639999999999958,1.5900000000000034,6.0,0,Mercedes,30.514285714285727,54.812987012987016,False,3.0,6.8,6.4,,
2022,French Grand Prix,PER,95.174,94.06,1.2439999999999998,1.5330000000000013,1.1140000000000043,3.0,0,Red Bull Racing,30.514285714285727,54.812987012987016,False,4.0,9.0,10.2,,
2022,French Grand Prix,SAI,94.268,92.527,0.3379999999999938,0.0,1.7409999999999997,9.0,0,Ferrari,30.514285714285727,54.812987012987016,False,5.0,8.6,5.8,,
2022,French Grand Prix,ALO,95.875,94.259,1.9449999999999927,1.731999999999999,1.6159999999999997,7.0,0,Alpine,30.514285714285727,54.812987012987016,False,6.0,7.6,8.8,,
2022,French Grand Prix,NOR,95.232,93.607,1.3019999999999925,1.0799999999999983,1.625,5.0,0,McLaren,30.514285714285727,54.812987012987016,False,7.0,8.6,10.0,,
2022,French Grand Prix,OCO,95.828,94.66,1.897999999999996,2.132999999999996,1.1680000000000064,12.0,0,Alpine,30.514285714285727,54.812987012987016,False,8.0,9.6,8.8,,
2022,French Grand Prix,RIC,95.66,93.984,1.7299999999999898,1.4569999999999936,1.676000000000002,11.0,0,McLaren,30.514285714285727,54.812987012987016,False,9.0,10.8,10.0,,
2022,French Grand Prix,STR,95.81,94.595,1.879999999999996,2.067999999999998,1.2150000000000034,17.0,0,Aston Martin,30.514285714285727,54.812987012987016,False,10.0,12.8,12.4,,
2022,French Grand Prix,VET,95.851,94.42,1.9209999999999925,1.893000000000001,1.4309999999999974,14.0,0,Aston Martin,30.514285714285727,54.812987012987016,False,11.0,10.8,12.4,,
2022,French Grand Prix,GAS,94.979,93.906,1.0489999999999924,1.3790000000000049,1.0729999999999933,16.0,0,AlphaTauri,30.514285714285727,54.812987012987016,False,12.0,12.2,15.8,,
2022,French Grand Prix,ALB,95.414,94.653,1.4839999999999949,2.1260000000000048,0.7609999999999957,15.0,0,Williams,30.514285714285727,54.812987012987016,False,13.0,15.0,15.8,,
2022,French Grand Prix,MSC,96.022,95.195,2.0919999999999987,2.667999999999992,0.8270000000000124,19.0,0,Haas F1 Team,30.514285714285727,54.812987012987016,False,15.0,13.2,10.2,,
2022,French Grand Prix,ZHO,95.676,94.654,1.7459999999999951,2.126999999999996,1.0220000000000056,18.0,0,Alfa Romeo,30.514285714285727,54.812987012987016,False,16.0,15.0,13.8,,
2022,French Grand Prix,LAT,97.043,95.412,3.1129999999999995,2.885000000000005,1.6310000000000002,20.0,0,Williams,30.514285714285727,54.812987012987016,False,17.0,15.4,15.8,,
2022,French Grand Prix,MAG,96.104,93.928,2.1739999999999924,1.4009999999999962,2.176000000000002,10.0,0,Haas F1 Team,30.514285714285727,54.812987012987016,False,18.0,14.4,10.2,,
2022,French Grand Prix,LEC,93.93,92.628,0.0,0.100999999999999,1.3020000000000067,1.0,0,Ferrari,30.514285714285727,54.812987012987016,False,19.0,6.6,5.8,,
2022,French Grand Prix,TSU,96.127,94.54,2.1969999999999885,2.013000000000005,1.586999999999989,8.0,0,AlphaTauri,30.514285714285727,54.812987012987016,False,20.0,15.6,15.8,,
2022,Hungarian Grand Prix,VER,78.88,78.728,0.1299999999999954,0.2830000000000012,0.152000000000001,10.0,0,Red Bull Racing,22.202564102564104,29.80512820512821,False,1.0,2.4,6.8,,
2022,Hungarian Grand Prix,HAM,79.71,79.547,0.9599999999999936,1.102000000000004,0.1629999999999967,7.0,0,Mercedes,22.202564102564104,29.80512820512821,False,2.0,4.2,6.2,,
2022,Hungarian Grand Prix,RUS,79.606,79.355,0.8559999999999945,0.9100000000000108,0.2509999999999905,1.0,0,Mercedes,22.202564102564104,29.80512820512821,False,3.0,6.4,6.2,,
2022,Hungarian Grand Prix,SAI,78.75,78.676,0.0,0.2310000000000087,0.073999999999998,2.0,0,Ferrari,22.202564102564104,29.80512820512821,False,4.0,9.2,9.4,,
2022,Hungarian Grand Prix,PER,79.622,79.397,0.8719999999999999,0.9520000000000124,0.2249999999999943,11.0,0,Red Bull Racing,22.202564102564104,29.80512820512821,False,5.0,9.6,6.8,,
2022,Hungarian Grand Prix,LEC,79.039,78.445,0.2890000000000015,0.0,0.5940000000000083,3.0,0,Ferrari,22.202564102564104,29.80512820512821,False,6.0,9.6,9.4,,
2022,Hungarian Grand Prix,NOR,79.299,78.662,0.5490000000000066,0.2170000000000129,0.6370000000000005,4.0,0,McLaren,22.202564102564104,29.80512820512821,False,7.0,8.8,9.0,,
2022,Hungarian Grand Prix,ALO,80.377,79.049,1.6269999999999951,0.6040000000000134,1.3279999999999887,6.0,0,Alpine,22.202564102564104,29.80512820512821,False,8.0,7.4,8.8,,
2022,Hungarian Grand Prix,OCO,80.348,79.614,1.597999999999999,1.1690000000000111,0.7339999999999947,5.0,0,Alpine,22.202564102564104,29.80512820512821,False,9.0,8.8,8.8,,
2022,Hungarian Grand Prix,VET,80.383,79.253,1.6329999999999956,0.8080000000000069,1.1299999999999957,18.0,0,Aston Martin,22.202564102564104,29.80512820512821,False,10.0,11.0,12.4,,
2022,Hungarian Grand Prix,STR,80.414,79.702,1.6640000000000017,1.257000000000005,0.7120000000000033,14.0,0,Aston Martin,22.202564102564104,29.80512820512821,False,11.0,12.0,12.4,,
2022,Hungarian Grand Prix,GAS,80.456,79.73,1.706000000000003,1.2850000000000108,0.7259999999999991,19.0,0,AlphaTauri,22.202564102564104,29.80512820512821,False,12.0,12.4,15.8,,
2022,Hungarian Grand Prix,ZHO,80.81,79.605,2.0600000000000023,1.1600000000000108,1.2049999999999983,12.0,0,Alfa Romeo,22.202564102564104,29.80512820512821,False,13.0,15.0,15.4,,
2022,Hungarian Grand Prix,MSC,81.027,79.985,2.277000000000001,1.5400000000000065,1.0420000000000016,15.0,0,Haas F1 Team,22.202564102564104,29.80512820512821,False,14.0,12.4,11.4,,
2022,Hungarian Grand Prix,RIC,79.841,78.872,1.090999999999994,0.4270000000000067,0.968999999999994,9.0,0,McLaren,22.202564102564104,29.80512820512821,False,15.0,10.0,9.0,,
2022,Hungarian Grand Prix,MAG,80.921,79.818,2.1710000000000065,1.3730000000000049,1.1030000000000086,13.0,0,Haas F1 Team,22.202564102564104,29.80512820512821,False,16.0,14.0,11.4,,
2022,Hungarian Grand Prix,ALB,80.834,80.615,2.084000000000003,2.1700000000000017,0.2190000000000083,17.0,0,Williams,22.202564102564104,29.80512820512821,False,17.0,14.0,16.2,,
2022,Hungarian Grand Prix,LAT,81.413,80.488,2.6629999999999967,2.0430000000000064,0.9249999999999972,20.0,0,Williams,22.202564102564104,29.80512820512821,False,18.0,15.8,16.2,,
2022,Hungarian Grand Prix,TSU,80.695,80.521,1.9449999999999927,2.076000000000008,0.1739999999999923,16.0,0,AlphaTauri,22.202564102564104,29.80512820512821,False,19.0,16.2,15.8,,
2022,Belgian Grand Prix,VER,106.755,105.507,0.2169999999999987,0.0,1.2479999999999905,1.0,0,Red Bull Racing,15.206666666666669,20.7,False,1.0,2.4,6.2,,
2022,Belgian Grand Prix,PER,108.474,107.346,1.936000000000007,1.8389999999999984,1.128,3.0,0,Red Bull Racing,15.206666666666669,20.7,False,2.0,10.2,6.2,,
2022,Belgian Grand Prix,SAI,106.538,106.649,0.0,1.141999999999996,-0.1110000000000042,2.0,0,Ferrari,15.206666666666669,20.7,False,3.0,6.0,10.4,,
2022,Belgian Grand Prix,RUS,107.396,107.042,0.8580000000000041,1.5349999999999966,0.3539999999999992,8.0,0,Mercedes,15.206666666666669,20.7,False,4.0,6.4,3.0,,
2022,Belgian Grand Prix,ALO,109.664,106.975,3.1260000000000048,1.467999999999989,2.689000000000007,6.0,0,Alpine,15.206666666666669,20.7,False,5.0,7.6,8.2,,
2022,Belgian Grand Prix,LEC,106.607,106.369,0.0690000000000026,0.8619999999999948,0.2379999999999995,4.0,0,Ferrari,15.206666666666669,20.7,False,6.0,7.0,10.4,,
2022,Belgian Grand Prix,OCO,110.315,107.944,3.777000000000001,2.4369999999999976,2.370999999999995,5.0,0,Alpine,15.206666666666669,20.7,False,7.0,8.6,8.2,,
2022,Belgian Grand Prix,VET,109.813,107.867,3.2750000000000057,2.3599999999999994,1.945999999999998,16.0,0,Aston Martin,15.206666666666669,20.7,False,8.0,11.8,11.8,,
2022,Belgian Grand Prix,ALB,107.835,107.52,1.296999999999997,2.012999999999991,0.3149999999999977,9.0,0,Williams,15.206666666666669,20.7,False,10.0,15.0,16.8,,
2022,Belgian Grand Prix,STR,107.437,106.635,0.8990000000000009,1.128,0.8019999999999925,14.0,0,Aston Martin,15.206666666666669,20.7,False,11.0,11.0,11.8,,
2022,Belgian Grand Prix,NOR,109.47,106.589,2.932000000000002,1.0819999999999936,2.881,10.0,0,McLaren,15.206666666666669,20.7,False,12.0,8.4,9.4,,
2022,Belgian Grand Prix,TSU,108.31,107.658,1.7720000000000056,2.150999999999996,0.652000000000001,19.0,0,AlphaTauri,15.206666666666669,20.7,False,13.0,17.4,15.8,,
2022,Belgian Grand Prix,ZHO,108.672,107.617,2.1340000000000003,2.1099999999999994,1.0549999999999926,13.0,0,Alfa Romeo,15.206666666666669,20.7,False,14.0,14.0,14.6,,
2022,Belgian Grand Prix,RIC,108.081,107.255,1.5430000000000064,1.7479999999999905,0.8260000000000076,11.0,0,McLaren,15.206666666666669,20.7,False,15.0,11.4,9.4,,
2022,Belgian Grand Prix,MAG,110.982,108.208,4.444000000000003,2.7009999999999934,2.774000000000001,18.0,0,Haas F1 Team,15.206666666666669,20.7,False,16.0,13.8,14.2,,
2022,Belgian Grand Prix,MSC,111.259,109.941,4.721000000000004,4.4339999999999975,1.3179999999999978,15.0,0,Haas F1 Team,15.206666666666669,20.7,False,17.0,12.4,14.2,,
2022,Belgian Grand Prix,LAT,108.485,108.612,1.9470000000000027,3.1049999999999898,-0.1269999999999953,17.0,0,Williams,15.206666666666669,20.7,False,18.0,16.4,16.8,,
2022,Belgian Grand Prix,BOT,122.076,108.419,15.537999999999997,2.911999999999992,13.656999999999996,20.0,0,Alfa Romeo,15.206666666666669,20.7,False,19.0,11.0,14.6,,
2022,Belgian Grand Prix,HAM,108.42,106.893,1.882000000000005,1.3859999999999957,1.527000000000001,7.0,0,Mercedes,15.206666666666669,20.7,False,20.0,3.0,3.0,,
2022,Dutch Grand Prix,VER,74.714,73.042,2.2590000000000003,0.6970000000000027,1.671999999999997,1.0,0,Red Bull Racing,26.92380952380952,39.05952380952381,False,1.0,2.4,2.6,,
2022,Dutch Grand Prix,RUS,72.455,72.655,0.0,0.3100000000000023,-0.2000000000000028,6.0,0,Mercedes,26.92380952380952,39.05952380952381,False,2.0,6.4,6.4,,
2022,Dutch Grand Prix,LEC,73.127,72.345,0.671999999999997,0.0,0.7819999999999965,2.0,0,Ferrari,26.92380952380952,39.05952380952381,False,3.0,7.2,7.6,,
2022,Dutch Grand Prix,HAM,72.695,72.417,0.2399999999999948,0.0720000000000027,0.2779999999999916,4.0,0,Mercedes,26.92380952380952,39.05952380952381,False,4.0,6.2,6.4,,
2022,Dutch Grand Prix,PER,73.416,73.493,0.9609999999999984,1.147999999999996,-0.0769999999999981,5.0,0,Red Bull Racing,26.92380952380952,39.05952380952381,False,5.0,6.6,2.6,,
2022,Dutch Grand Prix,ALO,73.633,72.848,1.1779999999999973,0.5030000000000001,0.7849999999999966,13.0,0,Alpine,26.92380952380952,39.05952380952381,False,6.0,6.8,7.4,,
2022,Dutch Grand Prix,NOR,72.929,72.448,0.4740000000000037,0.1029999999999944,0.4810000000000087,7.0,0,McLaren,26.92380952380952,39.05952380952381,False,7.0,7.8,11.6,,
2022,Dutch Grand Prix,SAI,72.845,72.349,0.3900000000000005,0.0040000000000048,0.4959999999999951,3.0,0,Ferrari,26.92380952380952,39.05952380952381,False,8.0,6.2,7.6,,
2022,Dutch Grand Prix,OCO,73.963,73.305,1.5079999999999956,0.960000000000008,0.657999999999987,12.0,0,Alpine,26.92380952380952,39.05952380952381,False,9.0,8.8,7.4,,
2022,Dutch Grand Prix,STR,74.257,72.746,1.8020000000000067,0.4009999999999962,1.51100000000001,10.0,0,Aston Martin,26.92380952380952,39.05952380952381,False,10.0,11.2,10.2,,
2022,Dutch Grand Prix,GAS,74.474,73.666,2.019000000000005,1.320999999999998,0.8080000000000069,11.0,0,AlphaTauri,26.92380952380952,39.05952380952381,False,11.0,13.8,15.2,,
2022,Dutch Grand Prix,ALB,74.063,73.837,1.608000000000004,1.4920000000000044,0.2259999999999991,15.0,0,Williams,26.92380952380952,39.05952380952381,False,12.0,14.4,16.0,,
2022,Dutch Grand Prix,MSC,74.163,73.604,1.7079999999999984,1.2590000000000003,0.5589999999999975,8.0,0,Haas F1 Team,26.92380952380952,39.05952380952381,False,13.0,12.0,16.2,,
2022,Dutch Grand Prix,VET,74.5,73.611,2.0450000000000017,1.2660000000000051,0.8889999999999958,19.0,0,Aston Martin,26.92380952380952,39.05952380952381,False,14.0,11.0,10.2,,
2022,Dutch Grand Prix,MAG,74.405,74.282,1.9500000000000028,1.9369999999999976,0.1230000000000046,18.0,0,Haas F1 Team,26.92380952380952,39.05952380952381,False,15.0,13.6,16.2,,
2022,Dutch Grand Prix,ZHO,74.534,73.624,2.079000000000008,1.2789999999999964,0.9100000000000108,14.0,0,Alfa Romeo,26.92380952380952,39.05952380952381,False,16.0,15.2,15.2,,
2022,Dutch Grand Prix,RIC,73.077,73.362,0.6219999999999999,1.016999999999996,-0.2849999999999966,17.0,0,McLaren,26.92380952380952,39.05952380952381,False,17.0,12.2,11.6,,
2022,Dutch Grand Prix,LAT,75.122,74.797,2.6670000000000016,2.451999999999998,0.3250000000000028,20.0,0,Williams,26.92380952380952,39.05952380952381,False,18.0,16.8,16.0,,
2022,Dutch Grand Prix,BOT,74.695,74.167,2.239999999999995,1.8220000000000027,0.5279999999999916,16.0,0,Alfa Romeo,26.92380952380952,39.05952380952381,False,19.0,13.0,15.2,,
2022,Dutch Grand Prix,TSU,74.63,73.419,2.174999999999997,1.073999999999998,1.2109999999999983,9.0,0,AlphaTauri,26.92380952380952,39.05952380952381,False,20.0,16.4,15.2,,
2022,Italian Grand Prix,VER,82.84,81.807,0.4300000000000068,0.1430000000000006,1.0330000000000013,2.0,0,Red Bull Racing,27.607692307692314,40.264102564102565,False,1.0,1.2,2.8,,
2022,Italian Grand Prix,LEC,82.41,81.857,0.0,0.1929999999999978,0.5529999999999973,1.0,0,Ferrari,27.607692307692314,40.264102564102565,False,2.0,7.0,5.2,,
2022,Italian Grand Prix,RUS,82.689,82.386,0.2789999999999963,0.7219999999999942,0.3029999999999972,6.0,0,Mercedes,27.607692307692314,40.264102564102565,False,3.0,3.2,6.6,,
2022,Italian Grand Prix,SAI,82.487,81.664,0.0769999999999981,0.0,0.8229999999999933,3.0,0,Ferrari,27.607692307692314,40.264102564102565,False,4.0,7.6,5.2,,
2022,Italian Grand Prix,HAM,82.831,82.503,0.4210000000000065,0.8389999999999986,0.3280000000000029,5.0,0,Mercedes,27.607692307692314,40.264102564102565,False,5.0,6.4,6.6,,
2022,Italian Grand Prix,PER,83.661,82.394,1.2510000000000048,0.730000000000004,1.266999999999996,4.0,0,Red Bull Racing,27.607692307692314,40.264102564102565,False,6.0,7.2,2.8,,
2022,Italian Grand Prix,NOR,83.856,82.338,1.445999999999998,0.6739999999999924,1.518000000000001,7.0,0,McLaren,27.607692307692314,40.264102564102565,False,7.0,8.0,13.2,,
2022,Italian Grand Prix,GAS,83.64,83.135,1.230000000000004,1.4710000000000036,0.5049999999999955,9.0,0,AlphaTauri,27.607692307692314,40.264102564102565,False,8.0,13.2,15.0,,
2022,Italian Grand Prix,ZHO,83.57,82.938,1.1599999999999966,1.274000000000001,0.6319999999999908,14.0,0,Alfa Romeo,27.607692307692314,40.264102564102565,False,10.0,14.6,16.2,,
2022,Italian Grand Prix,OCO,83.075,82.728,0.6650000000000063,1.063999999999993,0.3470000000000084,11.0,0,Alpine,27.607692307692314,40.264102564102565,False,11.0,7.6,7.2,,
2022,Italian Grand Prix,BOT,83.394,82.993,0.9840000000000088,1.3289999999999935,0.4010000000000104,12.0,0,Alfa Romeo,27.607692307692314,40.264102564102565,False,13.0,14.6,16.2,,
2022,Italian Grand Prix,TSU,83.26,83.217,0.8500000000000085,1.5529999999999973,0.0430000000000063,15.0,0,AlphaTauri,27.607692307692314,40.264102564102565,False,14.0,17.6,15.0,,
2022,Italian Grand Prix,LAT,84.941,83.982,2.531000000000006,2.317999999999998,0.9590000000000032,16.0,0,Williams,27.607692307692314,40.264102564102565,False,15.0,18.0,15.2,,
2022,Italian Grand Prix,MAG,84.006,83.557,1.5960000000000036,1.893000000000001,0.448999999999998,19.0,0,Haas F1 Team,27.607692307692314,40.264102564102565,False,16.0,14.6,15.4,,
2022,Italian Grand Prix,RIC,83.511,82.911,1.100999999999999,1.247,0.5999999999999943,8.0,0,McLaren,27.607692307692314,40.264102564102565,False,17.0,13.0,13.2,,
2022,Italian Grand Prix,STR,83.688,83.785,1.2780000000000058,2.120999999999995,-0.0969999999999942,18.0,0,Aston Martin,27.607692307692314,40.264102564102565,False,18.0,11.0,10.8,,
2022,Italian Grand Prix,ALO,83.099,82.752,0.6890000000000072,1.087999999999994,0.3470000000000084,10.0,0,Alpine,27.607692307692314,40.264102564102565,False,19.0,7.0,7.2,,
2022,Singapore Grand Prix,PER,103.839,103.906,0.8059999999999974,1.3190000000000026,-0.0670000000000072,2.0,0,Red Bull Racing,26.847500000000004,27.78375,False,1.0,4.4,3.0,,
2022,Singapore Grand Prix,LEC,103.435,102.795,0.402000000000001,0.2079999999999984,0.6400000000000006,1.0,0,Ferrari,26.847500000000004,27.78375,False,2.0,7.2,4.6,,
2022,Singapore Grand Prix,SAI,104.138,102.587,1.105000000000004,0.0,1.551000000000002,4.0,0,Ferrari,26.847500000000004,27.78375,False,3.0,4.8,4.6,,
2022,Singapore Grand Prix,NOR,106.68,104.013,3.6470000000000056,1.426000000000002,2.6670000000000016,6.0,0,McLaren,26.847500000000004,27.78375,False,4.0,8.0,12.6,,
2022,Singapore Grand Prix,RIC,105.724,105.447,2.6910000000000025,2.8599999999999994,0.277000000000001,17.0,0,McLaren,26.847500000000004,27.78375,False,5.0,14.6,12.6,,
2022,Singapore Grand Prix,STR,105.221,103.982,2.1880000000000024,1.394999999999996,1.2390000000000043,12.0,0,Aston Martin,26.847500000000004,27.78375,False,6.0,12.0,12.2,,
2022,Singapore Grand Prix,VER,103.117,102.926,0.0840000000000031,0.3389999999999986,0.1910000000000025,8.0,0,Red Bull Racing,26.847500000000004,27.78375,False,7.0,1.0,3.0,,
2022,Singapore Grand Prix,VET,105.354,104.249,2.320999999999998,1.661999999999992,1.105000000000004,14.0,0,Aston Martin,26.847500000000004,27.78375,False,8.0,12.0,12.2,,
2022,Singapore Grand Prix,HAM,103.033,103.182,0.0,0.5949999999999989,-0.1490000000000009,3.0,0,Mercedes,26.847500000000004,27.78375,False,9.0,6.8,6.8,,
2022,Singapore Grand Prix,GAS,105.258,104.469,2.2249999999999943,1.8819999999999908,0.7890000000000015,7.0,0,AlphaTauri,26.847500000000004,27.78375,False,10.0,11.6,13.2,,
2022,Singapore Grand Prix,BOT,105.725,103.431,2.691999999999993,0.8439999999999941,2.293999999999997,16.0,0,Alfa Romeo,26.847500000000004,27.78375,False,11.0,15.8,15.4,,
2022,Singapore Grand Prix,MAG,106.028,104.422,2.9950000000000045,1.8349999999999933,1.6060000000000088,9.0,0,Haas F1 Team,26.847500000000004,27.78375,False,12.0,16.2,15.4,,
2022,Singapore Grand Prix,MSC,106.601,105.623,3.567999999999998,3.0360000000000014,0.9779999999999944,13.0,0,Haas F1 Team,26.847500000000004,27.78375,False,13.0,13.0,15.4,,
2022,Singapore Grand Prix,RUS,104.066,102.911,1.0330000000000013,0.323999999999998,1.1550000000000011,11.0,0,Mercedes,26.847500000000004,27.78375,False,14.0,3.0,6.8,,
2022,Singapore Grand Prix,TSU,106.081,105.211,3.048000000000002,2.6239999999999952,0.8700000000000045,10.0,0,AlphaTauri,26.847500000000004,27.78375,False,15.0,17.2,13.2,,
2022,Singapore Grand Prix,OCO,104.736,103.412,1.703000000000003,0.8250000000000028,1.323999999999998,18.0,0,Alpine,26.847500000000004,27.78375,False,16.0,8.8,10.4,,
2022,Singapore Grand Prix,ALB,106.119,105.144,3.0859999999999985,2.557000000000002,0.9749999999999944,19.0,0,Williams,26.847500000000004,27.78375,False,17.0,12.8,14.6,,
2022,Singapore Grand Prix,ALO,105.336,103.52,2.3029999999999973,0.9329999999999928,1.8160000000000025,5.0,0,Alpine,26.847500000000004,27.78375,False,18.0,8.8,10.4,,
2022,Singapore Grand Prix,LAT,107.092,106.553,4.0589999999999975,3.965999999999994,0.5390000000000015,20.0,0,Williams,26.847500000000004,27.78375,False,19.0,17.2,14.6,,
2022,Singapore Grand Prix,ZHO,106.408,104.524,3.375,1.9369999999999976,1.8840000000000003,15.0,0,Alfa Romeo,26.847500000000004,27.78375,False,20.0,13.8,15.4,,
2022,Japanese Grand Prix,VER,103.362,102.786,1.11399999999999,0.8509999999999991,0.5759999999999934,1.0,0,Red Bull Racing,19.89610389610389,26.4974025974026,False,1.0,2.2,4.0,,
2022,Japanese Grand Prix,PER,104.234,102.834,1.98599999999999,0.8990000000000009,1.3999999999999917,4.0,0,Red Bull Racing,19.89610389610389,26.4974025974026,False,2.0,3.8,4.0,,
2022,Japanese Grand Prix,LEC,102.634,104.709,0.3859999999999957,2.774000000000001,-2.075000000000003,2.0,0,Ferrari,19.89610389610389,26.4974025974026,False,3.0,3.8,3.8,,
2022,Japanese Grand Prix,OCO,103.022,103.884,0.7740000000000009,1.948999999999998,-0.8619999999999948,5.0,0,Alpine,19.89610389610389,26.4974025974026,False,4.0,10.4,14.6,,
2022,Japanese Grand Prix,HAM,104.558,102.17,2.3100000000000023,0.2349999999999994,2.388000000000005,6.0,0,Mercedes,19.89610389610389,26.4974025974026,False,5.0,8.0,7.0,,
2022,Japanese Grand Prix,VET,108.09,105.261,5.841999999999999,3.3259999999999934,2.829000000000008,9.0,0,Aston Martin,19.89610389610389,26.4974025974026,False,6.0,10.2,11.2,,
2022,Japanese Grand Prix,ALO,102.248,103.533,0.0,1.597999999999999,-1.2849999999999966,7.0,0,Alpine,19.89610389610389,26.4974025974026,False,7.0,11.2,14.6,,
2022,Japanese Grand Prix,RUS,106.103,101.935,3.8549999999999898,0.0,4.167999999999992,8.0,0,Mercedes,19.89610389610389,26.4974025974026,False,8.0,5.2,7.0,,
2022,Japanese Grand Prix,LAT,105.424,104.962,3.176000000000002,3.027000000000001,0.4620000000000033,20.0,0,Williams,19.89610389610389,26.4974025974026,False,9.0,17.6,16.2,,
2022,Japanese Grand Prix,NOR,103.889,105.885,1.6409999999999911,3.950000000000003,-1.996000000000009,10.0,0,McLaren,19.89610389610389,26.4974025974026,False,10.0,7.4,10.0,,
2022,Japanese Grand Prix,RIC,104.486,106.03,2.2379999999999995,4.094999999999999,-1.543999999999997,11.0,0,McLaren,19.89610389610389,26.4974025974026,False,11.0,13.8,10.0,,
2022,Japanese Grand Prix,STR,104.57,106.776,2.3219999999999885,4.840999999999994,-2.206000000000003,19.0,0,Aston Martin,19.89610389610389,26.4974025974026,False,12.0,11.2,11.2,,
2022,Japanese Grand Prix,TSU,106.192,105.257,3.943999999999989,3.3220000000000027,0.934999999999988,13.0,0,AlphaTauri,19.89610389610389,26.4974025974026,False,13.0,16.2,13.4,,
2022,Japanese Grand Prix,MAG,103.258,103.187,1.009999999999991,1.2519999999999951,0.0709999999999979,18.0,0,Haas F1 Team,19.89610389610389,26.4974025974026,False,14.0,15.0,13.8,,
2022,Japanese Grand Prix,BOT,103.969,103.733,1.7209999999999894,1.7980000000000018,0.23599999999999,12.0,0,Alfa Romeo,19.89610389610389,26.4974025974026,False,15.0,14.6,14.6,,
2022,Japanese Grand Prix,ZHO,104.429,104.525,2.1809999999999974,2.5900000000000034,-0.0960000000000036,14.0,0,Alfa Romeo,19.89610389610389,26.4974025974026,False,16.0,14.6,14.6,,
2022,Japanese Grand Prix,GAS,104.878,107.109,2.6299999999999955,5.173999999999992,-2.2309999999999945,17.0,0,AlphaTauri,19.89610389610389,26.4974025974026,False,18.0,10.6,13.4,,
2022,Japanese Grand Prix,SAI,102.563,103.204,0.3149999999999977,1.2689999999999912,-0.6409999999999911,3.0,0,Ferrari,19.89610389610389,26.4974025974026,False,19.0,4.4,3.8,,
2022,Japanese Grand Prix,ALB,104.791,105.039,2.542999999999992,3.103999999999999,-0.2480000000000046,16.0,0,Williams,19.89610389610389,26.4974025974026,False,20.0,13.8,16.2,,
2022,United States Grand Prix,VER,97.081,99.575,0.2240000000000037,2.765000000000001,-2.494,3.0,0,Red Bull Racing,30.04050632911393,35.86835443037976,False,1.0,2.2,3.4,,
2022,United States Grand Prix,HAM,97.332,99.698,0.4749999999999943,2.887999999999991,-2.366,5.0,0,Mercedes,30.04050632911393,35.86835443037976,False,2.0,8.6,8.2,,
2022,United States Grand Prix,PER,97.515,99.852,0.6580000000000013,3.0420000000000016,-2.337000000000004,4.0,0,Red Bull Racing,30.04050632911393,35.86835443037976,False,4.0,3.2,3.4,,
2022,United States Grand Prix,RUS,97.802,100.562,0.9450000000000074,3.7519999999999953,-2.759999999999991,6.0,0,Mercedes,30.04050632911393,35.86835443037976,False,5.0,6.2,8.2,,
2022,United States Grand Prix,NOR,97.856,99.547,0.9989999999999952,2.7369999999999948,-1.6910000000000025,8.0,0,McLaren,30.04050632911393,35.86835443037976,False,6.0,8.0,9.4,,
2022,United States Grand Prix,ALO,97.713,101.334,0.8559999999999945,4.524000000000001,-3.621000000000009,9.0,0,Alpine,30.04050632911393,35.86835443037976,False,7.0,11.0,12.8,,
2022,United States Grand Prix,VET,98.041,101.857,1.1839999999999975,5.046999999999997,-3.8160000000000025,12.0,0,Aston Martin,30.04050632911393,35.86835443037976,False,8.0,9.2,10.0,,
2022,United States Grand Prix,TSU,98.898,100.178,2.040999999999997,3.367999999999995,-1.2800000000000011,15.0,0,AlphaTauri,30.04050632911393,35.86835443037976,False,10.0,15.0,14.0,,
2022,United States Grand Prix,OCO,98.102,101.31,1.2450000000000043,4.5,-3.2079999999999984,18.0,0,Alpine,30.04050632911393,35.86835443037976,False,11.0,9.4,12.8,,
2022,United States Grand Prix,ZHO,98.276,100.664,1.418999999999997,3.853999999999999,-2.388000000000005,14.0,0,Alfa Romeo,30.04050632911393,35.86835443037976,False,12.0,15.2,15.0,,
2022,United States Grand Prix,ALB,98.422,101.853,1.5649999999999975,5.042999999999992,-3.4309999999999974,11.0,0,Williams,30.04050632911393,35.86835443037976,False,13.0,15.2,16.0,,
2022,United States Grand Prix,GAS,97.81,99.84,0.953000000000003,3.030000000000001,-2.030000000000001,13.0,0,AlphaTauri,30.04050632911393,35.86835443037976,False,14.0,11.8,14.0,,
2022,United States Grand Prix,MSC,98.922,99.507,2.0649999999999977,2.6970000000000027,-0.585000000000008,19.0,0,Haas F1 Team,30.04050632911393,35.86835443037976,False,15.0,14.4,14.0,,
2022,United States Grand Prix,STR,97.46,100.806,0.6029999999999944,3.995999999999995,-3.346000000000004,7.0,0,Aston Martin,30.04050632911393,35.86835443037976,False,18.0,11.4,10.0,,
2022,United States Grand Prix,SAI,96.857,98.232,0.0,1.421999999999997,-1.375,1.0,0,Ferrari,30.04050632911393,35.86835443037976,False,20.0,7.4,6.2,,
2022,Mexico City Grand Prix,VER,80.827,81.588,0.1200000000000045,1.617999999999995,-0.7609999999999957,1.0,0,Red Bull Racing,25.62948717948718,48.52820512820512,False,1.0,2.2,3.0,,
2022,Mexico City Grand Prix,HAM,80.849,81.509,0.1420000000000101,1.5390000000000017,-0.6599999999999966,3.0,0,Mercedes,25.62948717948718,48.52820512820512,False,2.0,5.0,6.8,,
2022,Mexico City Grand Prix,PER,80.827,81.579,0.1200000000000045,1.6089999999999949,-0.7519999999999953,4.0,0,Red Bull Racing,25.62948717948718,48.52820512820512,False,3.0,3.6,3.0,,
2022,Mexico City Grand Prix,SAI,80.707,81.693,0.0,1.722999999999999,-0.9860000000000042,5.0,0,Ferrari,25.62948717948718,48.52820512820512,False,5.0,10.8,9.4,,
2022,Mexico City Grand Prix,LEC,80.753,81.618,0.0460000000000064,1.647999999999996,-0.8649999999999949,7.0,0,Ferrari,25.62948717948718,48.52820512820512,False,6.0,3.2,9.4,,
2022,Mexico City Grand Prix,RIC,81.762,82.763,1.0550000000000068,2.7930000000000064,-1.0010000000000048,11.0,0,McLaren,25.62948717948718,48.52820512820512,False,7.0,13.0,7.2,,
2022,Mexico City Grand Prix,NOR,81.12,82.738,0.4130000000000109,2.7680000000000007,-1.617999999999995,8.0,0,McLaren,25.62948717948718,48.52820512820512,False,9.0,6.8,7.2,,
2022,Mexico City Grand Prix,BOT,81.083,81.993,0.3760000000000048,2.022999999999996,-0.9099999999999966,6.0,0,Alfa Romeo,25.62948717948718,48.52820512820512,False,10.0,15.4,14.8,,
2022,Mexico City Grand Prix,GAS,81.31,82.104,0.6030000000000086,2.1340000000000003,-0.7939999999999969,14.0,0,AlphaTauri,25.62948717948718,48.52820512820512,False,11.0,12.2,14.0,,
2022,Mexico City Grand Prix,ZHO,81.82,83.369,1.1129999999999995,3.399000000000001,-1.5490000000000066,12.0,0,Alfa Romeo,25.62948717948718,48.52820512820512,False,13.0,14.8,14.8,,
2022,Mexico City Grand Prix,VET,81.525,82.371,0.818000000000012,2.400999999999996,-0.8459999999999894,17.0,0,Aston Martin,25.62948717948718,48.52820512820512,False,14.0,8.8,10.4,,
2022,Mexico City Grand Prix,STR,81.865,82.84,1.1580000000000013,2.8700000000000045,-0.9750000000000084,18.0,0,Aston Martin,25.62948717948718,48.52820512820512,False,15.0,12.8,10.4,,
2022,Mexico City Grand Prix,MSC,81.952,82.879,1.2450000000000043,2.909000000000006,-0.9270000000000068,16.0,0,Haas F1 Team,25.62948717948718,48.52820512820512,False,16.0,14.4,14.0,,
2022,Mexico City Grand Prix,LAT,82.912,83.32,2.2050000000000125,3.3499999999999943,-0.407999999999987,20.0,0,Williams,25.62948717948718,48.52820512820512,False,18.0,15.8,15.6,,
2022,Mexico City Grand Prix,ALO,80.899,82.337,0.1920000000000072,2.3670000000000044,-1.4380000000000024,9.0,0,Alpine,25.62948717948718,48.52820512820512,False,19.0,11.4,9.4,,
2022,São Paulo Grand Prix,RUS,72.055,74.916,0.2020000000000124,0.3119999999999976,-2.86099999999999,3.0,0,Mercedes,19.1641975308642,26.713580246913576,True,1.0,6.4,4.4,,
2022,São Paulo Grand Prix,HAM,72.04,75.137,0.1870000000000118,0.5330000000000013,-3.096999999999994,8.0,0,Mercedes,19.1641975308642,26.713580246913576,True,2.0,4.6,4.4,,
2022,São Paulo Grand Prix,SAI,72.039,75.856,0.186000000000007,1.2519999999999951,-3.816999999999993,5.0,0,Ferrari,19.1641975308642,26.713580246913576,True,3.0,10.2,10.6,,
2022,São Paulo Grand Prix,LEC,71.857,75.868,0.0040000000000048,1.2639999999999958,-4.010999999999996,10.0,0,Ferrari,19.1641975308642,26.713580246913576,True,4.0,3.2,10.6,,
2022,São Paulo Grand Prix,ALO,72.554,75.049,0.7010000000000076,0.4450000000000074,-2.4950000000000045,7.0,0,Alpine,19.1641975308642,26.713580246913576,True,5.0,14.0,9.6,,
2022,São Paulo Grand Prix,VER,71.861,75.098,0.0080000000000097,0.4939999999999998,-3.2369999999999948,2.0,0,Red Bull Racing,19.1641975308642,26.713580246913576,True,6.0,2.2,2.2,,
2022,São Paulo Grand Prix,PER,71.853,74.788,0.0,0.1839999999999975,-2.9350000000000023,9.0,0,Red Bull Racing,19.1641975308642,26.713580246913576,True,7.0,3.2,2.2,,
2022,São Paulo Grand Prix,OCO,72.705,74.604,0.8520000000000039,0.0,-1.899000000000001,6.0,0,Alpine,19.1641975308642,26.713580246913576,True,8.0,10.2,9.6,,
2022,São Paulo Grand Prix,BOT,72.466,76.047,0.6129999999999995,1.4429999999999978,-3.581000000000003,18.0,0,Alfa Romeo,19.1641975308642,26.713580246913576,True,9.0,13.6,13.2,,
2022,São Paulo Grand Prix,STR,72.759,76.263,0.906000000000006,1.659000000000006,-3.504000000000005,15.0,0,Aston Martin,19.1641975308642,26.713580246913576,True,10.0,13.8,13.4,,
2022,São Paulo Grand Prix,VET,72.157,76.4,0.304000000000002,1.7960000000000065,-4.243000000000009,13.0,0,Aston Martin,19.1641975308642,26.713580246913576,True,11.0,10.0,13.4,,
2022,São Paulo Grand Prix,ZHO,73.115,76.468,1.2620000000000005,1.8640000000000043,-3.3530000000000086,17.0,0,Alfa Romeo,19.1641975308642,26.713580246913576,True,12.0,14.2,13.2,,
2022,São Paulo Grand Prix,MSC,72.314,75.684,0.4609999999999985,1.0799999999999983,-3.3700000000000045,20.0,0,Haas F1 Team,19.1641975308642,26.713580246913576,True,13.0,14.8,14.0,,
2022,São Paulo Grand Prix,GAS,72.467,75.636,0.6140000000000043,1.0319999999999965,-3.168999999999997,12.0,0,AlphaTauri,19.1641975308642,26.713580246913576,True,14.0,12.2,13.2,,
2022,São Paulo Grand Prix,LAT,73.019,76.181,1.166000000000011,1.5769999999999982,-3.161999999999992,16.0,0,Williams,19.1641975308642,26.713580246913576,True,16.0,15.8,15.8,,
2022,São Paulo Grand Prix,TSU,73.347,75.865,1.4939999999999998,1.2609999999999957,-2.5180000000000007,19.0,0,AlphaTauri,19.1641975308642,26.713580246913576,True,17.0,14.4,13.2,,
2022,São Paulo Grand Prix,NOR,72.955,75.851,1.102000000000004,1.247,-2.896000000000001,4.0,0,McLaren,19.1641975308642,26.713580246913576,True,18.0,7.2,8.6,,
2022,São Paulo Grand Prix,MAG,72.997,75.815,1.1440000000000057,1.2109999999999983,-2.817999999999998,1.0,0,Haas F1 Team,19.1641975308642,26.713580246913576,True,19.0,14.6,14.0,,
2022,São Paulo Grand Prix,RIC,73.359,75.994,1.5060000000000002,1.3900000000000006,-2.635000000000005,14.0,0,McLaren,19.1641975308642,26.713580246913576,True,20.0,11.4,8.6,,
2022,Abu Dhabi Grand Prix,LEC,86.888,85.599,0.2550000000000096,0.4530000000000029,1.2890000000000017,3.0,0,Ferrari,28.763013698630136,33.94246575342466,False,2.0,3.4,7.6,,
2022,Abu Dhabi Grand Prix,PER,86.967,85.852,0.3340000000000032,0.7060000000000031,1.1149999999999949,2.0,0,Red Bull Racing,28.763013698630136,33.94246575342466,False,3.0,3.4,4.2,,
2022,Abu Dhabi Grand Prix,RUS,86.853,85.487,0.2199999999999988,0.340999999999994,1.3659999999999997,6.0,0,Mercedes,28.763013698630136,33.94246575342466,False,5.0,6.2,2.4,,
2022,Abu Dhabi Grand Prix,OCO,87.891,86.038,1.2580000000000098,0.8919999999999959,1.8530000000000089,8.0,0,Alpine,28.763013698630136,33.94246575342466,False,7.0,10.0,10.0,,
2022,Abu Dhabi Grand Prix,RIC,87.619,86.124,0.9860000000000042,0.9779999999999944,1.4950000000000043,10.0,0,McLaren,28.763013698630136,33.94246575342466,False,9.0,12.0,12.0,,
2022,Abu Dhabi Grand Prix,VET,87.268,86.395,0.6350000000000051,1.2489999999999952,0.8730000000000047,9.0,0,Aston Martin,28.763013698630136,33.94246575342466,False,10.0,9.4,13.6,,
2022,Abu Dhabi Grand Prix,TSU,87.991,86.68,1.358000000000004,1.534000000000006,1.3109999999999928,12.0,0,AlphaTauri,28.763013698630136,33.94246575342466,False,11.0,13.8,13.2,,
2022,Abu Dhabi Grand Prix,ALB,87.84,86.75,1.2070000000000078,1.6039999999999992,1.0900000000000034,19.0,0,Williams,28.763013698630136,33.94246575342466,False,13.0,14.4,15.2,,
2022,Abu Dhabi Grand Prix,GAS,87.845,87.036,1.2120000000000033,1.8900000000000008,0.8089999999999975,17.0,0,AlphaTauri,28.763013698630136,33.94246575342466,False,14.0,13.4,13.2,,
2022,Abu Dhabi Grand Prix,BOT,87.655,86.3,1.0220000000000056,1.1539999999999964,1.355000000000004,18.0,0,Alfa Romeo,28.763013698630136,33.94246575342466,False,15.0,11.6,11.2,,
2022,Abu Dhabi Grand Prix,MAG,88.142,86.915,1.5090000000000003,1.7690000000000057,1.2269999999999897,16.0,0,Haas F1 Team,28.763013698630136,33.94246575342466,False,17.0,15.2,15.4,,
2022,Abu Dhabi Grand Prix,HAM,86.633,85.761,0.0,0.6149999999999949,0.8719999999999999,5.0,0,Mercedes,28.763013698630136,33.94246575342466,False,18.0,4.0,2.4,,
2023,Bahrain Grand Prix,VER,93.375,91.076,0.6170000000000044,0.1689999999999969,2.2990000000000066,1.0,0,Red Bull Racing,23.879999999999995,28.08526315789472,False,1.0,3.2,4.0,19.0,18.5
2023,Bahrain Grand Prix,PER,92.758,91.078,0.0,0.1710000000000064,1.6799999999999926,2.0,0,Red Bull Racing,23.879999999999995,28.08526315789472,False,2.0,3.8,4.0,18.0,18.5
2023,Bahrain Grand Prix,ALO,93.196,90.907,0.4380000000000024,0.0,2.289000000000001,5.0,0,Aston Martin,23.879999999999995,28.08526315789472,False,3.0,11.2,12.0,9.0,14.5
2023,Bahrain Grand Prix,SAI,96.072,91.956,3.314000000000007,1.0490000000000066,4.116,4.0,0,Ferrari,23.879999999999995,28.08526315789472,False,4.0,10.0,4.0,2.0,1.5
2023,Bahrain Grand Prix,HAM,94.917,91.543,2.159000000000006,0.6360000000000099,3.3739999999999952,7.0,0,Mercedes,23.879999999999995,28.08526315789472,False,5.0,5.8,5.6,3.0,3.5
2023,Bahrain Grand Prix,STR,94.298,91.45,1.5400000000000065,0.5430000000000064,2.847999999999999,8.0,0,Aston Martin,23.879999999999995,28.08526315789472,False,6.0,12.2,12.0,12.0,14.5
2023,Bahrain Grand Prix,RUS,94.966,91.882,2.2079999999999984,0.9750000000000084,3.083999999999989,6.0,0,Mercedes,23.879999999999995,28.08526315789472,False,7.0,6.6,5.6,4.0,3.5
2023,Bahrain Grand Prix,BOT,94.689,91.793,1.9309999999999967,0.8860000000000099,2.8959999999999866,12.0,0,Alfa Romeo,23.879999999999995,28.08526315789472,False,8.0,12.0,11.8,6.0,8.0
2023,Bahrain Grand Prix,GAS,95.455,91.475,2.6970000000000027,0.5679999999999978,3.980000000000004,20.0,0,Alpine,23.879999999999995,28.08526315789472,False,9.0,14.2,10.0,20.0,8.0
2023,Bahrain Grand Prix,ALB,96.018,92.44,3.260000000000005,1.5330000000000013,3.578000000000003,15.0,0,Williams,23.879999999999995,28.08526315789472,False,10.0,15.0,16.0,13.0,14.5
2023,Bahrain Grand Prix,TSU,95.015,92.525,2.257000000000005,1.6180000000000092,2.489999999999995,14.0,0,AlphaTauri,23.879999999999995,28.08526315789472,False,11.0,13.2,13.4,8.0,14.0
2023,Bahrain Grand Prix,SAR,95.749,92.749,2.991,1.8419999999999987,3.0,16.0,0,Williams,23.879999999999995,28.08526315789472,False,12.0,,16.0,,14.5
2023,Bahrain Grand Prix,MAG,94.402,92.11,1.6440000000000057,1.203000000000003,2.2920000000000016,17.0,0,Haas F1 Team,23.879999999999995,28.08526315789472,False,13.0,15.6,16.0,5.0,8.0
2023,Bahrain Grand Prix,DEV,95.402,92.605,2.644000000000005,1.6980000000000075,2.796999999999997,19.0,0,AlphaTauri,23.879999999999995,28.08526315789472,False,14.0,,13.4,,14.0
2023,Bahrain Grand Prix,HUL,95.043,91.376,2.285000000000011,0.4690000000000083,3.6670000000000016,10.0,0,Haas F1 Team,23.879999999999995,28.08526315789472,False,15.0,14.5,16.0,17.0,8.0
2023,Bahrain Grand Prix,ZHO,94.575,91.586,1.8170000000000075,0.679000000000002,2.9890000000000043,13.0,0,Alfa Romeo,23.879999999999995,28.08526315789472,False,16.0,14.6,11.8,10.0,8.0
2023,Bahrain Grand Prix,NOR,94.165,91.57,1.407000000000011,0.6629999999999967,2.595000000000013,11.0,0,McLaren,23.879999999999995,28.08526315789472,False,17.0,9.4,12.6,15.0,14.5
2023,Bahrain Grand Prix,OCO,95.105,91.608,2.3470000000000084,0.7010000000000076,3.497,9.0,0,Alpine,23.879999999999995,28.08526315789472,False,18.0,9.2,10.0,7.0,8.0
2023,Bahrain Grand Prix,LEC,94.257,91.367,1.4990000000000094,0.4600000000000079,2.890000000000001,3.0,0,Ferrari,23.879999999999995,28.08526315789472,False,19.0,3.4,4.0,1.0,1.5
2023,Bahrain Grand Prix,PIA,94.997,92.024,2.2390000000000043,1.1170000000000044,2.972999999999999,18.0,0,McLaren,23.879999999999995,28.08526315789472,False,20.0,,12.6,,14.5
2023,Saudi Arabian Grand Prix,PER,90.1,89.902,0.4829999999999899,0.2990000000000066,0.1979999999999933,1.0,0,Red Bull Racing,27.02375,31.66625,False,1.0,3.8,3.8,4.0,2.5
2023,Saudi Arabian Grand Prix,VER,89.617,89.603,0.0,0.0,0.01400000000001,15.0,0,Red Bull Racing,27.02375,31.66625,False,2.0,2.0,3.8,1.0,2.5
2023,Saudi Arabian Grand Prix,ALO,90.315,89.811,0.6979999999999933,0.2080000000000126,0.5039999999999907,3.0,0,Aston Martin,27.02375,31.66625,False,3.0,8.2,8.0,16.0,12.5
2023,Saudi Arabian Grand Prix,RUS,90.771,90.07,1.1539999999999964,0.4669999999999987,0.7010000000000076,4.0,0,Mercedes,27.02375,31.66625,False,4.0,5.2,7.4,5.0,7.5
2023,Saudi Arabian Grand Prix,HAM,90.787,90.599,1.1700000000000017,0.9960000000000092,0.1880000000000024,8.0,0,Mercedes,27.02375,31.66625,False,5.0,5.8,7.4,10.0,7.5
2023,Saudi Arabian Grand Prix,SAI,90.924,90.592,1.3070000000000022,0.9890000000000044,0.3320000000000078,5.0,0,Ferrari,27.02375,31.66625,False,6.0,10.2,6.4,3.0,2.5
2023,Saudi Arabian Grand Prix,LEC,91.118,90.341,1.5009999999999906,0.7379999999999995,0.777000000000001,2.0,0,Ferrari,27.02375,31.66625,False,7.0,6.8,6.4,2.0,2.5
2023,Saudi Arabian Grand Prix,OCO,91.181,90.039,1.563999999999993,0.436000000000007,1.141999999999996,7.0,0,Alpine,27.02375,31.66625,False,8.0,9.6,9.4,6.0,11.0
2023,Saudi Arabian Grand Prix,GAS,90.949,90.1,1.3319999999999936,0.4969999999999999,0.8490000000000038,10.0,0,Alpine,27.02375,31.66625,False,9.0,12.4,9.4,8.0,11.0
2023,Saudi Arabian Grand Prix,MAG,91.566,90.82,1.948999999999998,1.2169999999999987,0.7460000000000093,13.0,0,Haas F1 Team,27.02375,31.66625,False,10.0,15.0,15.4,9.0,
2023,Saudi Arabian Grand Prix,TSU,91.11,90.776,1.492999999999995,1.1730000000000018,0.3340000000000032,16.0,0,AlphaTauri,27.02375,31.66625,False,11.0,12.4,13.4,19.0,13.5
2023,Saudi Arabian Grand Prix,HUL,91.552,90.181,1.9350000000000025,0.578000000000003,1.371000000000009,11.0,0,Haas F1 Team,27.02375,31.66625,False,12.0,14.666666666666666,15.4,12.0,
2023,Saudi Arabian Grand Prix,ZHO,91.986,90.837,2.369,1.2340000000000089,1.149000000000001,12.0,0,Alfa Romeo,27.02375,31.66625,False,13.0,13.8,12.0,11.0,13.0
2023,Saudi Arabian Grand Prix,DEV,91.45,90.921,1.8329999999999984,1.318000000000012,0.5289999999999964,18.0,0,AlphaTauri,27.02375,31.66625,False,14.0,14.0,13.4,,13.5
2023,Saudi Arabian Grand Prix,PIA,91.491,90.964,1.8739999999999952,1.3610000000000042,0.527000000000001,9.0,0,McLaren,27.02375,31.66625,False,15.0,20.0,16.8,,12.0
2023,Saudi Arabian Grand Prix,SAR,91.922,90.959,2.3049999999999926,1.3560000000000088,0.962999999999994,20.0,0,Williams,27.02375,31.66625,False,16.0,12.0,13.8,,16.0
2023,Saudi Arabian Grand Prix,NOR,92.149,90.721,2.5319999999999965,1.1180000000000092,1.4279999999999973,19.0,0,McLaren,27.02375,31.66625,False,17.0,12.0,16.8,7.0,12.0
2023,Saudi Arabian Grand Prix,BOT,91.97,91.052,2.3529999999999944,1.4490000000000125,0.9179999999999922,14.0,0,Alfa Romeo,27.02375,31.66625,False,18.0,11.4,12.0,15.0,13.0
2023,Saudi Arabian Grand Prix,ALB,91.03,90.81,1.4129999999999967,1.2070000000000078,0.2199999999999988,17.0,0,Williams,27.02375,31.66625,False,19.0,14.6,13.8,14.0,16.0
2023,Saudi Arabian Grand Prix,STR,90.577,90.11,0.9599999999999936,0.507000000000005,0.4669999999999987,6.0,0,Aston Martin,27.02375,31.66625,False,20.0,12.2,8.0,13.0,12.5
2023,Australian Grand Prix,VER,78.79,79.502,0.0,0.6149999999999949,-0.7119999999999891,1.0,0,Red Bull Racing,15.20421052631579,22.71263157894737,True,1.0,2.2,1.8,18.0,10.0
2023,Australian Grand Prix,HAM,79.223,80.323,0.4329999999999927,1.4359999999999928,-1.0999999999999943,3.0,0,Mercedes,15.20421052631579,22.71263157894737,True,2.0,6.4,7.8,4.0,3.5
2023,Australian Grand Prix,ALO,79.317,78.887,0.5269999999999868,0.0,0.4299999999999926,4.0,0,Aston Martin,15.20421052631579,22.71263157894737,True,3.0,7.4,8.4,17.0,12.0
2023,Australian Grand Prix,STR,79.766,80.579,0.9759999999999992,1.691999999999993,-0.8129999999999882,6.0,0,Aston Martin,15.20421052631579,22.71263157894737,True,4.0,13.8,8.4,12.0,12.0
2023,Australian Grand Prix,PER,79.293,80.083,0.5030000000000001,1.195999999999998,-0.789999999999992,20.0,0,Red Bull Racing,15.20421052631579,22.71263157894737,True,5.0,3.2,1.8,2.0,10.0
2023,Australian Grand Prix,NOR,79.536,80.176,0.7459999999999951,1.2890000000000017,-0.6400000000000006,13.0,0,McLaren,15.20421052631579,22.71263157894737,True,6.0,13.4,15.6,5.0,5.5
2023,Australian Grand Prix,HUL,79.806,80.194,1.0159999999999911,1.3070000000000022,-0.3880000000000052,10.0,0,Haas F1 Team,15.20421052631579,22.71263157894737,True,7.0,14.0,13.4,,13.5
2023,Australian Grand Prix,PIA,79.777,80.38,0.9869999999999948,1.492999999999995,-0.6029999999999944,16.0,0,McLaren,15.20421052631579,22.71263157894737,True,8.0,17.5,15.6,,5.5
2023,Australian Grand Prix,ZHO,80.569,80.47,1.7789999999999964,1.5829999999999984,0.0990000000000037,17.0,0,Alfa Romeo,15.20421052631579,22.71263157894737,True,9.0,13.2,14.0,11.0,9.5
2023,Australian Grand Prix,TSU,80.399,80.22,1.6089999999999949,1.3329999999999984,0.179000000000002,12.0,0,AlphaTauri,15.20421052631579,22.71263157894737,True,10.0,12.0,12.8,15.0,12.0
2023,Australian Grand Prix,BOT,80.419,80.312,1.628999999999991,1.4249999999999972,0.1069999999999993,19.0,0,Alfa Romeo,15.20421052631579,22.71263157894737,True,11.0,12.0,14.0,8.0,9.5
2023,Australian Grand Prix,SAI,79.505,79.695,0.7149999999999892,0.8079999999999927,-0.1899999999999977,5.0,0,Ferrari,15.20421052631579,22.71263157894737,True,12.0,7.6,7.6,20.0,10.5
2023,Australian Grand Prix,GAS,79.646,80.206,0.8559999999999945,1.3190000000000026,-0.5600000000000023,9.0,0,Alpine,15.20421052631579,22.71263157894737,True,13.0,11.4,10.2,9.0,12.0
2023,Australian Grand Prix,OCO,80.175,79.725,1.384999999999991,0.8379999999999939,0.4500000000000028,11.0,0,Alpine,15.20421052631579,22.71263157894737,True,14.0,10.4,10.2,7.0,12.0
2023,Australian Grand Prix,DEV,79.933,80.6,1.143000000000001,1.712999999999994,-0.6669999999999874,15.0,0,AlphaTauri,15.20421052631579,22.71263157894737,True,15.0,14.0,12.8,,12.0
2023,Australian Grand Prix,MAG,81.147,81.266,2.357,2.379000000000005,-0.1189999999999997,14.0,0,Haas F1 Team,15.20421052631579,22.71263157894737,True,17.0,14.6,13.4,14.0,13.5
2023,Australian Grand Prix,RUS,79.699,79.672,0.9089999999999918,0.7849999999999966,0.027000000000001,2.0,0,Mercedes,15.20421052631579,22.71263157894737,True,18.0,4.4,7.8,3.0,3.5
2023,Australian Grand Prix,ALB,79.766,81.182,0.9759999999999992,2.2950000000000017,-1.4159999999999968,8.0,0,Williams,15.20421052631579,22.71263157894737,True,19.0,15.0,14.0,10.0,13.0
2023,Australian Grand Prix,LEC,79.378,79.332,0.5879999999999939,0.4449999999999932,0.0460000000000064,7.0,0,Ferrari,15.20421052631579,22.71263157894737,True,20.0,7.6,7.6,1.0,10.5
2023,Miami Grand Prix,VER,90.549,87.93,0.4240000000000066,0.0,2.619,9.0,0,Red Bull Racing,28.64482758620689,43.26666666666666,False,1.0,2.2,2.2,1.0,2.5
2023,Miami Grand Prix,PER,91.566,88.419,1.4410000000000025,0.4889999999999901,3.1470000000000056,1.0,0,Red Bull Racing,28.64482758620689,43.26666666666666,False,2.0,3.6,2.2,4.0,2.5
2023,Miami Grand Prix,ALO,91.231,88.66,1.1059999999999943,0.7299999999999898,2.570999999999998,2.0,0,Aston Martin,28.64482758620689,43.26666666666666,False,3.0,6.6,7.2,11.0,13.5
2023,Miami Grand Prix,RUS,90.125,89.216,0.0,1.2859999999999872,0.909000000000006,6.0,0,Mercedes,28.64482758620689,43.26666666666666,False,4.0,7.0,7.2,5.0,5.5
2023,Miami Grand Prix,SAI,90.724,88.315,0.5990000000000038,0.3849999999999909,2.409000000000006,3.0,0,Ferrari,28.64482758620689,43.26666666666666,False,5.0,6.0,12.8,3.0,2.5
2023,Miami Grand Prix,HAM,90.337,88.858,0.2120000000000033,0.9279999999999972,1.4789999999999992,13.0,0,Mercedes,28.64482758620689,43.26666666666666,False,6.0,6.4,7.2,6.0,5.5
2023,Miami Grand Prix,LEC,90.449,88.398,0.323999999999998,0.4679999999999893,2.051000000000002,7.0,0,Ferrari,28.64482758620689,43.26666666666666,False,7.0,10.4,12.8,2.0,2.5
2023,Miami Grand Prix,GAS,91.104,89.098,0.9789999999999992,1.1679999999999922,2.006,5.0,0,Alpine,28.64482758620689,43.26666666666666,False,8.0,11.8,12.4,18.0,9.5
2023,Miami Grand Prix,OCO,91.542,88.937,1.4170000000000016,1.0069999999999908,2.605000000000004,8.0,0,Alpine,28.64482758620689,43.26666666666666,False,9.0,11.0,12.4,8.0,9.5
2023,Miami Grand Prix,MAG,91.853,89.171,1.7279999999999944,1.2409999999999997,2.681999999999988,4.0,0,Haas F1 Team,28.64482758620689,43.26666666666666,False,10.0,15.2,12.2,16.0,15.5
2023,Miami Grand Prix,TSU,92.169,89.613,2.043999999999997,1.6829999999999927,2.5559999999999974,17.0,0,AlphaTauri,28.64482758620689,43.26666666666666,False,11.0,12.0,12.8,12.0,15.0
2023,Miami Grand Prix,STR,91.337,88.93,1.2120000000000033,1.0,2.4069999999999965,18.0,0,Aston Martin,28.64482758620689,43.26666666666666,False,12.0,11.0,7.2,10.0,13.5
2023,Miami Grand Prix,BOT,91.902,89.189,1.777000000000001,1.258999999999986,2.713000000000008,10.0,0,Alfa Romeo,28.64482758620689,43.26666666666666,False,13.0,12.2,13.4,,20.0
2023,Miami Grand Prix,ALB,91.903,89.046,1.7780000000000058,1.1159999999999997,2.857,11.0,0,Williams,28.64482758620689,43.26666666666666,False,14.0,14.8,15.2,9.0,11.5
2023,Miami Grand Prix,HUL,91.392,89.393,1.266999999999996,1.462999999999994,1.9989999999999952,12.0,0,Haas F1 Team,28.64482758620689,43.26666666666666,False,15.0,12.6,12.2,,15.5
2023,Miami Grand Prix,ZHO,92.134,89.181,2.0090000000000003,1.2509999999999906,2.953000000000003,14.0,0,Alfa Romeo,28.64482758620689,43.26666666666666,False,16.0,12.6,13.4,20.0,20.0
2023,Miami Grand Prix,NOR,91.997,88.741,1.872,0.8109999999999928,3.256,16.0,0,McLaren,28.64482758620689,43.26666666666666,False,17.0,13.4,13.2,19.0,16.0
2023,Miami Grand Prix,DEV,94.637,89.928,4.5120000000000005,1.9979999999999905,4.709000000000003,15.0,0,AlphaTauri,28.64482758620689,43.26666666666666,False,18.0,14.333333333333334,12.8,,15.0
2023,Miami Grand Prix,PIA,91.81,89.339,1.6850000000000025,1.4089999999999918,2.471000000000004,19.0,0,McLaren,28.64482758620689,43.26666666666666,False,19.0,14.333333333333334,13.2,,16.0
2023,Miami Grand Prix,SAR,92.619,90.038,2.494,2.10799999999999,2.581000000000003,20.0,0,Williams,28.64482758620689,43.26666666666666,False,20.0,14.0,15.2,,11.5
2023,Monaco Grand Prix,VER,74.244,72.462,0.8719999999999999,0.0,1.7819999999999965,1.0,0,Red Bull Racing,25.586046511627902,46.495348837209306,False,1.0,2.2,2.2,3.0,2.0
2023,Monaco Grand Prix,ALO,73.71,72.682,0.3379999999999938,0.2199999999999988,1.0279999999999916,2.0,0,Aston Martin,25.586046511627902,46.495348837209306,False,2.0,3.4,8.4,7.0,12.0
2023,Monaco Grand Prix,OCO,74.585,73.162,1.212999999999994,0.7000000000000028,1.4229999999999876,4.0,0,Alpine,25.586046511627902,46.495348837209306,False,3.0,11.2,10.6,12.0,9.5
2023,Monaco Grand Prix,HAM,74.035,72.96,0.6629999999999967,0.4979999999999904,1.0750000000000028,6.0,0,Mercedes,25.586046511627902,46.495348837209306,False,4.0,7.2,7.0,8.0,6.5
2023,Monaco Grand Prix,RUS,75.066,73.191,1.6940000000000026,0.7289999999999992,1.875,8.0,0,Mercedes,25.586046511627902,46.495348837209306,False,5.0,7.6,7.0,5.0,6.5
2023,Monaco Grand Prix,LEC,74.093,72.527,0.7210000000000036,0.0649999999999977,1.5660000000000025,3.0,0,Ferrari,25.586046511627902,46.495348837209306,False,6.0,11.0,10.2,4.0,3.0
2023,Monaco Grand Prix,GAS,74.866,73.089,1.4939999999999998,0.6269999999999953,1.777000000000001,7.0,0,Alpine,25.586046511627902,46.495348837209306,False,7.0,10.6,10.6,11.0,9.5
2023,Monaco Grand Prix,SAI,73.372,72.569,0.0,0.1069999999999993,0.8029999999999973,5.0,0,Ferrari,25.586046511627902,46.495348837209306,False,8.0,6.0,10.2,2.0,3.0
2023,Monaco Grand Prix,NOR,74.467,72.906,1.0949999999999989,0.4440000000000026,1.5609999999999928,10.0,0,McLaren,25.586046511627902,46.495348837209306,False,9.0,15.0,13.4,6.0,9.5
2023,Monaco Grand Prix,PIA,75.192,73.673,1.8199999999999927,1.2109999999999983,1.5189999999999912,11.0,0,McLaren,25.586046511627902,46.495348837209306,False,10.0,15.5,13.4,,9.5
2023,Monaco Grand Prix,BOT,74.718,73.05,1.3460000000000036,0.5879999999999939,1.6680000000000064,15.0,0,Alfa Romeo,25.586046511627902,46.495348837209306,False,11.0,13.0,13.4,9.0,12.5
2023,Monaco Grand Prix,DEV,75.083,73.663,1.7109999999999983,1.2009999999999934,1.4200000000000017,12.0,0,AlphaTauri,25.586046511627902,46.495348837209306,False,12.0,15.25,13.6,,14.0
2023,Monaco Grand Prix,ZHO,75.684,73.354,2.3119999999999976,0.8919999999999959,2.3299999999999983,19.0,0,Alfa Romeo,25.586046511627902,46.495348837209306,False,13.0,13.2,13.4,16.0,12.5
2023,Monaco Grand Prix,ALB,74.666,74.217,1.293999999999997,1.7549999999999957,0.448999999999998,13.0,0,Williams,25.586046511627902,46.495348837209306,False,14.0,15.0,17.6,18.0,16.5
2023,Monaco Grand Prix,TSU,74.82,73.641,1.4479999999999933,1.179000000000002,1.1789999999999878,9.0,0,AlphaTauri,25.586046511627902,46.495348837209306,False,15.0,10.8,13.6,17.0,14.0
2023,Monaco Grand Prix,PER,74.038,72.991,0.6659999999999968,0.5289999999999964,1.046999999999997,20.0,0,Red Bull Racing,25.586046511627902,46.495348837209306,False,16.0,2.6,2.2,1.0,2.0
2023,Monaco Grand Prix,HUL,75.785,73.52,2.4129999999999967,1.0579999999999927,2.265000000000001,18.0,0,Haas F1 Team,25.586046511627902,46.495348837209306,False,17.0,12.2,12.2,,19.5
2023,Monaco Grand Prix,SAR,75.557,74.238,2.1850000000000023,1.7759999999999962,1.3190000000000026,16.0,0,Williams,25.586046511627902,46.495348837209306,False,18.0,16.0,17.6,,16.5
2023,Monaco Grand Prix,MAG,74.725,73.457,1.3529999999999944,0.9949999999999904,1.268000000000001,17.0,0,Haas F1 Team,25.586046511627902,46.495348837209306,False,19.0,13.4,12.2,20.0,19.5
2023,Monaco Grand Prix,STR,74.653,73.185,1.281000000000006,0.722999999999999,1.4680000000000035,14.0,0,Aston Martin,25.586046511627902,46.495348837209306,False,20.0,10.4,8.4,14.0,12.0
2023,Spanish Grand Prix,VER,74.606,73.907,0.0,0.0,0.6989999999999981,1.0,0,Red Bull Racing,20.853409090909093,24.940909090909088,True,1.0,1.2,5.0,1.0,1.0
2023,Spanish Grand Prix,HAM,75.845,74.549,1.2390000000000043,0.6420000000000101,1.2959999999999925,5.0,0,Mercedes,20.853409090909093,24.940909090909088,True,2.0,4.4,7.4,5.0,4.0
2023,Spanish Grand Prix,RUS,75.753,74.392,1.1470000000000056,0.4849999999999994,1.3610000000000042,12.0,0,Mercedes,20.853409090909093,24.940909090909088,True,3.0,7.6,7.4,3.0,4.0
2023,Spanish Grand Prix,PER,75.374,74.219,0.7680000000000007,0.3119999999999976,1.1550000000000011,11.0,0,Red Bull Racing,20.853409090909093,24.940909090909088,True,4.0,5.2,5.0,,1.0
2023,Spanish Grand Prix,SAI,75.726,74.274,1.1200000000000043,0.3670000000000044,1.4519999999999982,2.0,0,Ferrari,20.853409090909093,24.940909090909088,True,5.0,7.0,9.2,4.0,12.0
2023,Spanish Grand Prix,STR,75.939,75.01,1.3329999999999984,1.1030000000000086,0.9289999999999878,6.0,0,Aston Martin,20.853409090909093,24.940909090909088,True,6.0,12.4,8.2,15.0,13.0
2023,Spanish Grand Prix,ALO,75.547,74.077,0.9410000000000024,0.1700000000000017,1.4699999999999989,9.0,0,Aston Martin,20.853409090909093,24.940909090909088,True,7.0,2.8,8.2,9.0,13.0
2023,Spanish Grand Prix,OCO,75.418,74.242,0.8120000000000118,0.3350000000000079,1.176000000000002,7.0,0,Alpine,20.853409090909093,24.940909090909088,True,8.0,10.4,8.2,7.0,8.0
2023,Spanish Grand Prix,ZHO,75.906,74.585,1.3000000000000114,0.6779999999999973,1.3210000000000122,13.0,0,Alfa Romeo,20.853409090909093,24.940909090909088,True,9.0,13.4,12.8,,6.0
2023,Spanish Grand Prix,GAS,75.545,74.457,0.9390000000000072,0.5499999999999972,1.088000000000008,4.0,0,Alpine,20.853409090909093,24.940909090909088,True,10.0,9.2,8.2,13.0,8.0
2023,Spanish Grand Prix,LEC,75.694,74.246,1.088000000000008,0.3389999999999986,1.4480000000000075,19.0,0,Ferrari,20.853409090909093,24.940909090909088,True,11.0,11.8,9.2,20.0,12.0
2023,Spanish Grand Prix,TSU,75.915,74.84,1.3090000000000117,0.9330000000000068,1.0750000000000028,15.0,0,AlphaTauri,20.853409090909093,24.940909090909088,True,12.0,11.6,14.2,10.0,11.5
2023,Spanish Grand Prix,PIA,76.353,74.583,1.747,0.6760000000000019,1.769999999999996,10.0,0,McLaren,20.853409090909093,24.940909090909088,True,13.0,14.4,12.6,,10.0
2023,Spanish Grand Prix,DEV,75.504,74.785,0.8980000000000103,0.8780000000000001,0.7190000000000083,14.0,0,AlphaTauri,20.853409090909093,24.940909090909088,True,14.0,14.6,14.2,,11.5
2023,Spanish Grand Prix,HUL,76.461,74.177,1.855000000000004,0.2700000000000102,2.283999999999992,8.0,0,Haas F1 Team,20.853409090909093,24.940909090909088,True,15.0,13.2,15.6,,15.5
2023,Spanish Grand Prix,ALB,76.63,75.056,2.024000000000001,1.149000000000001,1.573999999999998,18.0,0,Williams,20.853409090909093,24.940909090909088,True,16.0,15.2,17.0,,16.0
2023,Spanish Grand Prix,NOR,75.783,74.694,1.1770000000000067,0.7870000000000061,1.0889999999999986,3.0,0,McLaren,20.853409090909093,24.940909090909088,True,17.0,13.2,12.6,8.0,10.0
2023,Spanish Grand Prix,MAG,75.689,74.713,1.0829999999999984,0.8059999999999974,0.9759999999999992,17.0,0,Haas F1 Team,20.853409090909093,24.940909090909088,True,18.0,13.8,15.6,17.0,15.5
2023,Spanish Grand Prix,BOT,75.978,74.448,1.372,0.5409999999999968,1.5300000000000011,16.0,0,Alfa Romeo,20.853409090909093,24.940909090909088,True,19.0,12.2,12.8,6.0,6.0
2023,Spanish Grand Prix,SAR,76.506,75.415,1.9000000000000057,1.5080000000000098,1.090999999999994,20.0,0,Williams,20.853409090909093,24.940909090909088,True,20.0,16.5,17.0,,16.0
2023,Canadian Grand Prix,VER,80.231,74.142,1.503,0.4239999999999924,6.088999999999999,1.0,0,Red Bull Racing,16.46629213483146,18.4561797752809,True,1.0,1.2,4.8,1.0,10.5
2023,Canadian Grand Prix,ALO,79.807,74.044,1.0790000000000075,0.3259999999999934,5.763000000000005,3.0,0,Aston Martin,16.46629213483146,18.4561797752809,True,2.0,3.6,9.4,9.0,11.0
2023,Canadian Grand Prix,LEC,86.809,74.094,8.081000000000003,0.3759999999999905,12.715000000000003,11.0,0,Ferrari,16.46629213483146,18.4561797752809,True,4.0,10.2,7.4,5.0,3.5
2023,Canadian Grand Prix,SAI,85.991,73.844,7.263000000000005,0.1259999999999905,12.147000000000006,8.0,0,Ferrari,16.46629213483146,18.4561797752809,True,5.0,7.2,7.4,2.0,3.5
2023,Canadian Grand Prix,PER,80.154,74.25,1.426000000000002,0.5319999999999965,5.903999999999996,12.0,0,Red Bull Racing,16.46629213483146,18.4561797752809,True,6.0,5.6,4.8,20.0,10.5
2023,Canadian Grand Prix,ALB,,75.003,,1.2849999999999966,,10.0,0,Williams,16.46629213483146,18.4561797752809,True,7.0,16.4,17.6,13.0,14.5
2023,Canadian Grand Prix,STR,79.175,74.419,0.4470000000000027,0.7009999999999934,4.756,13.0,0,Aston Martin,16.46629213483146,18.4561797752809,True,9.0,12.4,9.4,10.0,11.0
2023,Canadian Grand Prix,BOT,78.728,74.22,0.0,0.5019999999999953,4.507999999999996,15.0,0,Alfa Romeo,16.46629213483146,18.4561797752809,True,10.0,14.4,13.6,7.0,7.5
2023,Canadian Grand Prix,PIA,81.496,74.533,2.7680000000000007,0.8149999999999977,6.962999999999994,9.0,0,McLaren,16.46629213483146,18.4561797752809,True,11.0,13.0,13.6,,13.0
2023,Canadian Grand Prix,NOR,126.349,74.617,47.62100000000001,0.8990000000000009,51.732,7.0,0,McLaren,16.46629213483146,18.4561797752809,True,13.0,13.2,13.6,15.0,13.0
2023,Canadian Grand Prix,TSU,114.143,74.941,35.415000000000006,1.222999999999999,39.202,16.0,0,AlphaTauri,16.46629213483146,18.4561797752809,True,14.0,11.8,14.2,18.0,16.0
2023,Canadian Grand Prix,HUL,84.336,76.369,5.608000000000004,2.650999999999996,7.966999999999999,2.0,0,Haas F1 Team,16.46629213483146,18.4561797752809,True,15.0,13.2,16.8,,18.0
2023,Canadian Grand Prix,ZHO,84.961,74.811,6.233000000000004,1.0930000000000035,10.149999999999991,20.0,0,Alfa Romeo,16.46629213483146,18.4561797752809,True,16.0,12.0,13.6,8.0,7.5
2023,Canadian Grand Prix,MAG,84.045,74.544,5.317000000000007,0.8259999999999934,9.501000000000005,14.0,0,Haas F1 Team,16.46629213483146,18.4561797752809,True,17.0,14.8,16.8,17.0,18.0
2023,Canadian Grand Prix,DEV,92.274,75.002,13.546000000000006,1.2839999999999918,17.272000000000006,18.0,0,AlphaTauri,16.46629213483146,18.4561797752809,True,18.0,14.6,14.2,,16.0
2023,Canadian Grand Prix,SAR,109.568,75.426,30.840000000000003,1.7079999999999984,34.142,19.0,0,Williams,16.46629213483146,18.4561797752809,True,20.0,17.2,17.6,,14.5
2023,British Grand Prix,VER,88.6,88.078,0.0,0.0,0.5219999999999914,1.0,0,Red Bull Racing,21.29787234042553,22.926595744680856,True,1.0,1.0,5.6,7.0,4.5
2023,British Grand Prix,NOR,89.441,89.26,0.8410000000000082,1.1820000000000022,0.1809999999999973,2.0,0,McLaren,21.29787234042553,22.926595744680856,True,2.0,12.4,12.8,6.0,9.5
2023,British Grand Prix,HAM,89.768,89.283,1.1680000000000064,1.2049999999999983,0.4849999999999994,7.0,0,Mercedes,21.29787234042553,22.926595744680856,True,3.0,3.8,4.0,3.0,10.5
2023,British Grand Prix,PIA,89.658,88.926,1.058000000000007,0.847999999999999,0.7319999999999993,3.0,0,McLaren,21.29787234042553,22.926595744680856,True,4.0,12.2,12.8,,9.5
2023,British Grand Prix,RUS,89.874,89.238,1.274000000000001,1.1599999999999966,0.6359999999999957,6.0,0,Mercedes,21.29787234042553,22.926595744680856,True,5.0,6.8,4.0,18.0,10.5
2023,British Grand Prix,PER,89.048,88.342,0.4480000000000075,0.2639999999999958,0.7060000000000031,15.0,0,Red Bull Racing,21.29787234042553,22.926595744680856,True,6.0,6.6,5.6,2.0,4.5
2023,British Grand Prix,ALO,89.268,89.134,0.6680000000000064,1.0559999999999974,0.1340000000000003,9.0,0,Aston Martin,21.29787234042553,22.926595744680856,True,7.0,3.4,8.8,5.0,10.0
2023,British Grand Prix,ALB,89.089,88.296,0.4890000000000043,0.2180000000000035,0.7929999999999922,8.0,0,Williams,21.29787234042553,22.926595744680856,True,8.0,14.0,16.2,20.0,16.0
2023,British Grand Prix,SAI,89.357,88.1,0.757000000000005,0.0219999999999913,1.257000000000005,5.0,0,Ferrari,21.29787234042553,22.926595744680856,True,10.0,7.0,6.6,1.0,2.5
2023,British Grand Prix,SAR,90.124,88.766,1.524000000000001,0.6880000000000024,1.35799999999999,14.0,0,Williams,21.29787234042553,22.926595744680856,True,11.0,18.8,16.2,,16.0
2023,British Grand Prix,BOT,90.09,89.378,1.490000000000009,1.2999999999999972,0.7120000000000033,15.0,0,Alfa Romeo,21.29787234042553,22.926595744680856,True,12.0,12.8,13.4,17.0,18.0
2023,British Grand Prix,HUL,90.591,88.88,1.991,0.8019999999999925,1.7109999999999983,11.0,0,Haas F1 Team,21.29787234042553,22.926595744680856,True,13.0,13.8,16.8,,9.0
2023,British Grand Prix,STR,89.471,88.866,0.8710000000000093,0.7879999999999967,0.605000000000004,12.0,0,Aston Martin,21.29787234042553,22.926595744680856,True,14.0,10.2,8.8,11.0,10.0
2023,British Grand Prix,ZHO,90.321,89.225,1.7210000000000036,1.1469999999999914,1.0960000000000036,17.0,0,Alfa Romeo,21.29787234042553,22.926595744680856,True,15.0,12.6,13.4,19.0,18.0
2023,British Grand Prix,TSU,90.092,89.483,1.4920000000000044,1.4050000000000011,0.6089999999999947,16.0,0,AlphaTauri,21.29787234042553,22.926595744680856,True,16.0,12.4,14.6,14.0,15.0
2023,British Grand Prix,DEV,89.691,89.571,1.0910000000000082,1.492999999999995,0.1200000000000045,18.0,0,AlphaTauri,21.29787234042553,22.926595744680856,True,17.0,15.4,14.6,,15.0
2023,British Grand Prix,GAS,89.828,88.889,1.2280000000000086,0.8109999999999928,0.9390000000000072,10.0,0,Alpine,21.29787234042553,22.926595744680856,True,18.0,9.4,7.4,16.0,10.0
2023,British Grand Prix,MAG,90.385,89.439,1.7850000000000108,1.36099999999999,0.9460000000000122,19.0,0,Haas F1 Team,21.29787234042553,22.926595744680856,True,19.0,16.2,16.8,10.0,9.0
2023,British Grand Prix,OCO,89.319,89.242,0.7190000000000083,1.1640000000000017,0.0769999999999981,13.0,0,Alpine,21.29787234042553,22.926595744680856,True,20.0,8.4,7.4,15.0,10.0
2023,Hungarian Grand Prix,VER,,78.279,,0.5929999999999893,,2.0,0,Red Bull Racing,26.258974358974363,43.86282051282052,False,1.0,1.0,3.6,1.0,3.0
2023,Hungarian Grand Prix,NOR,100.277,77.701,1.481999999999999,0.0149999999999863,22.576000000000008,3.0,0,McLaren,26.258974358974363,43.86282051282052,False,2.0,11.6,9.4,7.0,11.0
2023,Hungarian Grand Prix,PER,,78.978,,1.2919999999999874,,9.0,0,Red Bull Racing,26.258974358974363,43.86282051282052,False,3.0,6.8,3.6,5.0,3.0
2023,Hungarian Grand Prix,HAM,,78.746,,1.059999999999988,,1.0,0,Mercedes,26.258974358974363,43.86282051282052,False,4.0,3.4,3.6,2.0,2.5
2023,Hungarian Grand Prix,PIA,99.154,79.117,0.3589999999999946,1.4309999999999974,20.036999999999992,4.0,0,McLaren,26.258974358974363,43.86282051282052,False,5.0,11.4,9.4,,11.0
2023,Hungarian Grand Prix,RUS,98.795,79.175,0.0,1.48899999999999,19.620000000000005,18.0,0,Mercedes,26.258974358974363,43.86282051282052,False,6.0,7.0,3.6,3.0,2.5
2023,Hungarian Grand Prix,LEC,101.142,77.686,2.346999999999994,0.0,23.45599999999999,6.0,0,Ferrari,26.258974358974363,43.86282051282052,False,7.0,9.6,7.0,6.0,5.0
2023,Hungarian Grand Prix,SAI,108.101,78.182,9.305999999999996,0.4959999999999951,29.919,11.0,0,Ferrari,26.258974358974363,43.86282051282052,False,8.0,6.6,7.0,4.0,5.0
2023,Hungarian Grand Prix,ALO,100.687,78.105,1.891999999999996,0.4189999999999969,22.582,8.0,0,Aston Martin,26.258974358974363,43.86282051282052,False,9.0,4.2,7.8,8.0,10.5
2023,Hungarian Grand Prix,STR,100.013,78.319,1.2180000000000035,0.6329999999999956,21.694000000000003,14.0,0,Aston Martin,26.258974358974363,43.86282051282052,False,10.0,12.2,7.8,11.0,10.5
2023,Hungarian Grand Prix,ALB,104.854,78.377,6.0589999999999975,0.6909999999999883,26.477000000000004,16.0,0,Williams,26.258974358974363,43.86282051282052,False,11.0,11.8,13.2,17.0,17.5
2023,Hungarian Grand Prix,BOT,101.032,78.085,2.2369999999999948,0.3989999999999867,22.947000000000003,7.0,0,Alfa Romeo,26.258974358974363,43.86282051282052,False,12.0,13.0,14.4,,13.0
2023,Hungarian Grand Prix,RIC,117.546,78.385,18.751000000000005,0.6989999999999981,39.161,13.0,0,AlphaTauri,26.258974358974363,43.86282051282052,False,13.0,10.4,15.8,15.0,15.5
2023,Hungarian Grand Prix,HUL,102.706,78.058,3.911000000000002,0.3719999999999999,24.648,10.0,0,Haas F1 Team,26.258974358974363,43.86282051282052,False,14.0,15.0,16.4,,15.0
2023,Hungarian Grand Prix,TSU,105.575,77.934,6.780000000000001,0.2479999999999904,27.641000000000005,17.0,0,AlphaTauri,26.258974358974363,43.86282051282052,False,15.0,13.6,15.8,19.0,15.5
2023,Hungarian Grand Prix,ZHO,101.363,78.108,2.567999999999998,0.421999999999997,23.254999999999995,5.0,0,Alfa Romeo,26.258974358974363,43.86282051282052,False,16.0,13.8,14.4,13.0,13.0
2023,Hungarian Grand Prix,MAG,102.906,78.504,4.111000000000004,0.8179999999999978,24.402,19.0,0,Haas F1 Team,26.258974358974363,43.86282051282052,False,17.0,16.6,16.4,16.0,15.0
2023,Hungarian Grand Prix,SAR,101.416,78.836,2.620999999999995,1.1499999999999917,22.58,20.0,0,Williams,26.258974358974363,43.86282051282052,False,18.0,17.8,13.2,,17.5
2023,Hungarian Grand Prix,OCO,118.64,78.045,19.845,0.3589999999999946,40.595,12.0,0,Alpine,26.258974358974363,43.86282051282052,False,19.0,10.8,12.6,9.0,8.5
2023,Hungarian Grand Prix,GAS,,77.918,,0.2319999999999993,,15.0,0,Alpine,26.258974358974363,43.86282051282052,False,20.0,11.2,12.6,12.0,8.5
2023,Dutch Grand Prix,VER,71.852,71.353,0.0,0.0229999999999961,0.4990000000000094,1.0,0,Red Bull Racing,17.963,22.432,True,1.0,1.0,3.4,1.0,3.0
2023,Dutch Grand Prix,ALO,72.13,71.863,0.2779999999999916,0.5330000000000013,0.2669999999999959,5.0,0,Aston Martin,17.963,22.432,True,2.0,5.4,9.8,6.0,12.0
2023,Dutch Grand Prix,GAS,72.895,71.766,1.0429999999999922,0.436000000000007,1.128999999999991,12.0,0,Alpine,17.963,22.432,True,3.0,12.6,17.4,11.0,7.5
2023,Dutch Grand Prix,PER,72.323,71.817,0.4709999999999894,0.4869999999999947,0.5060000000000002,7.0,0,Red Bull Racing,17.963,22.432,True,4.0,7.0,3.4,5.0,3.0
2023,Dutch Grand Prix,HAM,72.225,71.638,0.3729999999999904,0.3080000000000069,0.5869999999999891,13.0,0,Mercedes,17.963,22.432,True,6.0,3.8,4.2,4.0,3.0
2023,Dutch Grand Prix,NOR,72.46,71.33,0.6079999999999899,0.0,1.1299999999999957,2.0,0,McLaren,17.963,22.432,True,7.0,8.6,5.2,7.0,12.0
2023,Dutch Grand Prix,ALB,72.447,71.599,0.5949999999999989,0.2690000000000054,0.847999999999999,4.0,0,Williams,17.963,22.432,True,8.0,11.2,13.6,12.0,15.0
2023,Dutch Grand Prix,PIA,72.658,72.901,0.8059999999999974,1.570999999999998,-0.242999999999995,8.0,0,McLaren,17.963,22.432,True,9.0,8.6,5.2,,12.0
2023,Dutch Grand Prix,OCO,72.802,72.001,0.9500000000000028,0.6710000000000065,0.8010000000000019,17.0,0,Alpine,17.963,22.432,True,10.0,11.8,17.4,9.0,7.5
2023,Dutch Grand Prix,STR,98.402,71.835,26.55,0.5049999999999955,26.567000000000007,11.0,0,Aston Martin,17.963,22.432,True,11.0,11.8,9.8,10.0,12.0
2023,Dutch Grand Prix,HUL,74.023,72.693,2.1709999999999923,1.3629999999999995,1.3299999999999983,15.0,0,Haas F1 Team,17.963,22.432,True,12.0,14.8,16.0,,14.0
2023,Dutch Grand Prix,BOT,73.448,71.857,1.5959999999999894,0.527000000000001,1.590999999999994,19.0,0,Alfa Romeo,17.963,22.432,True,14.0,12.8,14.2,19.0,17.5
2023,Dutch Grand Prix,TSU,72.749,71.72,0.8969999999999914,0.3900000000000005,1.0289999999999964,14.0,0,AlphaTauri,17.963,22.432,True,15.0,14.4,15.8,20.0,15.5
2023,Dutch Grand Prix,MAG,73.322,72.404,1.4699999999999989,1.073999999999998,0.9180000000000064,18.0,0,Haas F1 Team,17.963,22.432,True,16.0,18.0,16.0,15.0,14.0
2023,Dutch Grand Prix,RUS,72.813,72.009,0.9609999999999984,0.679000000000002,0.804000000000002,3.0,0,Mercedes,17.963,22.432,True,17.0,4.6,4.2,2.0,3.0
2023,Dutch Grand Prix,ZHO,73.826,72.074,1.973999999999989,0.7439999999999998,1.7519999999999951,16.0,0,Alfa Romeo,17.963,22.432,True,18.0,13.8,14.2,16.0,17.5
2023,Dutch Grand Prix,LEC,73.519,71.915,1.6670000000000016,0.585000000000008,1.6039999999999992,9.0,0,Ferrari,17.963,22.432,True,19.0,7.0,6.8,3.0,5.5
2023,Dutch Grand Prix,SAR,72.617,71.934,0.7650000000000006,0.6039999999999992,0.6830000000000069,10.0,0,Williams,17.963,22.432,True,20.0,17.4,13.6,,15.0
2023,Italian Grand Prix,VER,82.657,81.631,0.0,0.2759999999999962,1.0259999999999962,2.0,0,Red Bull Racing,28.179746835443048,39.42658227848101,False,1.0,1.0,3.0,1.0,3.5
2023,Italian Grand Prix,PER,82.834,81.54,0.1770000000000067,0.1850000000000022,1.293999999999997,5.0,0,Red Bull Racing,28.179746835443048,39.42658227848101,False,2.0,4.6,3.0,6.0,3.5
2023,Italian Grand Prix,SAI,82.703,81.355,0.0460000000000064,0.0,1.347999999999999,1.0,0,Ferrari,28.179746835443048,39.42658227848101,False,3.0,7.2,9.8,4.0,3.0
2023,Italian Grand Prix,LEC,82.966,81.716,0.3089999999999975,0.36099999999999,1.25,3.0,0,Ferrari,28.179746835443048,39.42658227848101,False,4.0,9.4,9.8,2.0,3.0
2023,Italian Grand Prix,RUS,83.189,82.176,0.5319999999999965,0.820999999999998,1.012999999999991,4.0,0,Mercedes,28.179746835443048,39.42658227848101,False,5.0,7.2,7.6,3.0,4.0
2023,Italian Grand Prix,HAM,83.269,82.783,0.612000000000009,1.4279999999999973,0.4860000000000042,8.0,0,Mercedes,28.179746835443048,39.42658227848101,False,6.0,3.8,7.6,5.0,4.0
2023,Italian Grand Prix,ALB,83.444,81.979,0.7870000000000061,0.6239999999999952,1.4650000000000034,6.0,0,Williams,28.179746835443048,39.42658227848101,False,7.0,10.0,13.6,,15.0
2023,Italian Grand Prix,NOR,83.241,81.374,0.5840000000000032,0.0189999999999912,1.8670000000000044,9.0,0,McLaren,28.179746835443048,39.42658227848101,False,8.0,8.2,5.4,7.0,12.0
2023,Italian Grand Prix,ALO,83.214,82.071,0.5570000000000022,0.715999999999994,1.143000000000001,10.0,0,Aston Martin,28.179746835443048,39.42658227848101,False,9.0,5.4,9.2,19.0,18.0
2023,Italian Grand Prix,BOT,83.952,82.595,1.2950000000000017,1.2399999999999949,1.356999999999999,14.0,0,Alfa Romeo,28.179746835443048,39.42658227848101,False,10.0,13.4,15.0,13.0,11.5
2023,Italian Grand Prix,LAW,83.833,83.167,1.176000000000002,1.8119999999999976,0.6659999999999968,12.0,0,AlphaTauri,28.179746835443048,39.42658227848101,False,11.0,,15.2,,11.0
2023,Italian Grand Prix,PIA,83.446,81.545,0.7890000000000015,0.1899999999999977,1.900999999999996,7.0,0,McLaren,28.179746835443048,39.42658227848101,False,12.0,8.4,5.4,,12.0
2023,Italian Grand Prix,SAR,83.661,82.755,1.0040000000000049,1.3999999999999917,0.906000000000006,15.0,0,Williams,28.179746835443048,39.42658227848101,False,13.0,17.8,13.6,,15.0
2023,Italian Grand Prix,ZHO,84.232,83.346,1.5750000000000028,1.991,0.8859999999999957,16.0,0,Alfa Romeo,28.179746835443048,39.42658227848101,False,14.0,14.8,15.0,10.0,11.5
2023,Italian Grand Prix,GAS,83.931,82.651,1.274000000000001,1.2959999999999925,1.2800000000000011,17.0,0,Alpine,28.179746835443048,39.42658227848101,False,15.0,11.6,14.4,8.0,15.0
2023,Italian Grand Prix,HUL,84.067,82.291,1.4099999999999966,0.9359999999999928,1.7759999999999962,13.0,0,Haas F1 Team,28.179746835443048,39.42658227848101,False,17.0,13.8,15.6,,16.0
2023,Italian Grand Prix,MAG,84.217,82.574,1.5600000000000025,1.218999999999994,1.643000000000001,19.0,0,Haas F1 Team,28.179746835443048,39.42658227848101,False,18.0,17.4,15.6,16.0,16.0
2023,Italian Grand Prix,OCO,84.09,82.716,1.433000000000007,1.36099999999999,1.3740000000000094,18.0,0,Alpine,28.179746835443048,39.42658227848101,False,19.0,12.0,14.4,11.0,15.0
2023,Italian Grand Prix,TSU,83.271,82.696,0.6140000000000043,1.340999999999994,0.5750000000000028,11.0,0,AlphaTauri,28.179746835443048,39.42658227848101,False,20.0,14.4,15.2,14.0,11.0
2023,Singapore Grand Prix,SAI,93.428,92.12,0.0780000000000029,0.0,1.3079999999999927,1.0,0,Ferrari,29.51909090909092,34.15272727272727,False,1.0,6.2,8.2,3.0,2.5
2023,Singapore Grand Prix,NOR,93.522,92.711,0.1720000000000112,0.590999999999994,0.811000000000007,4.0,0,McLaren,29.51909090909092,34.15272727272727,False,2.0,6.4,8.2,4.0,4.5
2023,Singapore Grand Prix,HAM,93.54,92.585,0.1900000000000119,0.4649999999999892,0.9550000000000124,5.0,0,Mercedes,29.51909090909092,34.15272727272727,False,3.0,4.2,8.0,9.0,11.5
2023,Singapore Grand Prix,LEC,93.35,92.138,0.0,0.0180000000000006,1.211999999999989,3.0,0,Ferrari,29.51909090909092,34.15272727272727,False,4.0,9.0,8.2,2.0,2.5
2023,Singapore Grand Prix,VER,93.476,92.852,0.1260000000000047,0.7319999999999993,0.6239999999999952,11.0,0,Red Bull Racing,29.51909090909092,34.15272727272727,False,5.0,1.0,2.2,7.0,4.0
2023,Singapore Grand Prix,GAS,94.639,93.824,1.2890000000000017,1.7039999999999935,0.8149999999999977,12.0,0,Alpine,29.51909090909092,34.15272727272727,False,6.0,13.2,13.4,10.0,17.0
2023,Singapore Grand Prix,PIA,95.474,93.461,2.124000000000009,1.340999999999994,2.013000000000005,17.0,0,McLaren,29.51909090909092,34.15272727272727,False,7.0,8.2,8.2,,4.5
2023,Singapore Grand Prix,PER,93.725,92.812,0.375,0.6919999999999931,0.9129999999999968,13.0,0,Red Bull Racing,29.51909090909092,34.15272727272727,False,8.0,4.2,2.2,1.0,4.0
2023,Singapore Grand Prix,LAW,94.894,93.285,1.5440000000000111,1.164999999999992,1.6090000000000089,10.0,0,AlphaTauri,29.51909090909092,34.15272727272727,False,9.0,11.0,14.8,,12.5
2023,Singapore Grand Prix,MAG,94.887,93.017,1.537000000000006,0.8969999999999914,1.8700000000000043,6.0,0,Haas F1 Team,29.51909090909092,34.15272727272727,False,10.0,17.4,16.0,12.0,12.5
2023,Singapore Grand Prix,ALB,94.657,95.558,1.3070000000000022,3.4380000000000024,-0.9010000000000103,14.0,0,Williams,29.51909090909092,34.15272727272727,False,11.0,8.2,13.2,17.0,18.0
2023,Singapore Grand Prix,ZHO,95.456,93.575,2.1060000000000088,1.4549999999999983,1.881,19.0,0,Alfa Romeo,29.51909090909092,34.15272727272727,False,12.0,15.8,14.4,20.0,15.5
2023,Singapore Grand Prix,HUL,94.985,93.139,1.6350000000000051,1.0189999999999912,1.846000000000004,9.0,0,Haas F1 Team,29.51909090909092,34.15272727272727,False,13.0,14.2,16.0,,12.5
2023,Singapore Grand Prix,SAR,95.778,94.327,2.4280000000000115,2.2069999999999936,1.4510000000000076,18.0,0,Williams,29.51909090909092,34.15272727272727,False,14.0,16.4,13.2,,18.0
2023,Singapore Grand Prix,ALO,93.974,92.478,0.6240000000000094,0.3579999999999899,1.496000000000009,7.0,0,Aston Martin,29.51909090909092,34.15272727272727,False,15.0,5.8,8.2,18.0,7.0
2023,Singapore Grand Prix,RUS,93.695,92.355,0.3449999999999988,0.2349999999999994,1.3399999999999892,2.0,0,Mercedes,29.51909090909092,34.15272727272727,False,16.0,7.2,8.0,14.0,11.5
2023,Singapore Grand Prix,BOT,94.802,93.105,1.4520000000000124,0.9849999999999994,1.6970000000000027,16.0,0,Alfa Romeo,29.51909090909092,34.15272727272727,False,17.0,11.6,14.4,11.0,15.5
2023,Singapore Grand Prix,OCO,94.066,93.361,0.7160000000000082,1.2409999999999997,0.7049999999999983,8.0,0,Alpine,29.51909090909092,34.15272727272727,False,18.0,15.2,13.4,16.0,17.0
2023,Singapore Grand Prix,TSU,94.042,93.477,0.6920000000000073,1.356999999999999,0.5649999999999977,15.0,0,AlphaTauri,29.51909090909092,34.15272727272727,False,19.0,16.0,14.8,15.0,12.5
2023,Singapore Grand Prix,STR,94.568,93.39,1.2180000000000035,1.269999999999996,1.1779999999999973,20.0,0,Aston Martin,29.51909090909092,34.15272727272727,False,,10.0,8.2,6.0,7.0
2023,Japanese Grand Prix,VER,91.647,90.688,0.0,0.0,0.9590000000000032,1.0,0,Red Bull Racing,26.086956521739136,36.55326086956522,False,1.0,1.8,4.0,1.0,1.5
2023,Japanese Grand Prix,NOR,92.392,91.152,0.7449999999999903,0.4639999999999986,1.2399999999999949,3.0,0,McLaren,26.086956521739136,36.55326086956522,False,2.0,4.2,7.6,10.0,10.5
2023,Japanese Grand Prix,PIA,92.713,91.662,1.0659999999999883,0.9740000000000038,1.0509999999999875,2.0,0,McLaren,26.086956521739136,36.55326086956522,False,3.0,7.4,7.6,,10.5
2023,Japanese Grand Prix,LEC,92.574,91.008,0.9269999999999924,0.3199999999999932,1.5660000000000025,4.0,0,Ferrari,26.086956521739136,36.55326086956522,False,4.0,7.6,6.2,3.0,11.0
2023,Japanese Grand Prix,HAM,93.699,91.829,2.0519999999999925,1.1409999999999911,1.8700000000000043,7.0,0,Mercedes,26.086956521739136,36.55326086956522,False,5.0,4.4,9.4,5.0,6.5
2023,Japanese Grand Prix,SAI,92.273,91.237,0.6259999999999906,0.5489999999999924,1.0360000000000014,6.0,0,Ferrari,26.086956521739136,36.55326086956522,False,6.0,5.4,6.2,19.0,11.0
2023,Japanese Grand Prix,RUS,93.31,91.328,1.6629999999999967,0.6400000000000006,1.9819999999999995,8.0,0,Mercedes,26.086956521739136,36.55326086956522,False,7.0,9.8,9.4,8.0,6.5
2023,Japanese Grand Prix,ALO,92.65,91.492,1.003,0.804000000000002,1.1580000000000013,10.0,0,Aston Martin,26.086956521739136,36.55326086956522,False,8.0,8.4,,7.0,9.0
2023,Japanese Grand Prix,OCO,93.516,91.794,1.869,1.1059999999999943,1.7220000000000084,14.0,0,Alpine,26.086956521739136,36.55326086956522,False,9.0,17.2,13.6,4.0,5.5
2023,Japanese Grand Prix,GAS,93.129,92.179,1.481999999999999,1.4909999999999997,0.9500000000000028,12.0,0,Alpine,26.086956521739136,36.55326086956522,False,10.0,12.4,13.6,18.0,5.5
2023,Japanese Grand Prix,LAW,93.005,92.141,1.35799999999999,1.453000000000003,0.8639999999999901,11.0,0,AlphaTauri,26.086956521739136,36.55326086956522,False,11.0,10.0,14.8,,15.5
2023,Japanese Grand Prix,TSU,92.597,92.178,0.9499999999999886,1.4899999999999949,0.4189999999999969,9.0,0,AlphaTauri,26.086956521739136,36.55326086956522,False,12.0,17.0,14.8,13.0,15.5
2023,Japanese Grand Prix,ZHO,94.831,92.165,3.183999999999997,1.477000000000004,2.665999999999997,19.0,0,Alfa Romeo,26.086956521739136,36.55326086956522,False,13.0,15.0,14.2,16.0,15.5
2023,Japanese Grand Prix,HUL,93.448,91.797,1.8009999999999875,1.1089999999999949,1.6509999999999962,18.0,0,Haas F1 Team,26.086956521739136,36.55326086956522,False,14.0,13.8,14.8,,14.0
2023,Japanese Grand Prix,MAG,93.975,92.169,2.3279999999999887,1.4809999999999943,1.8059999999999967,15.0,0,Haas F1 Team,26.086956521739136,36.55326086956522,False,15.0,16.0,14.8,14.0,14.0
2023,Japanese Grand Prix,ALB,92.991,91.555,1.343999999999994,0.8670000000000044,1.4359999999999928,13.0,0,Williams,26.086956521739136,36.55326086956522,False,16.0,9.0,13.0,20.0,14.5
2023,Japanese Grand Prix,SAR,94.212,92.32,2.5649999999999977,1.6319999999999908,1.89200000000001,20.0,0,Williams,26.086956521739136,36.55326086956522,False,17.0,15.2,13.0,,14.5
2023,Japanese Grand Prix,STR,93.04,91.771,1.393000000000001,1.0829999999999984,1.2690000000000057,17.0,0,Aston Martin,26.086956521739136,36.55326086956522,False,18.0,,,12.0,9.0
2023,Japanese Grand Prix,PER,93.043,91.71,1.3960000000000008,1.0219999999999914,1.3330000000000126,5.0,0,Red Bull Racing,26.086956521739136,36.55326086956522,False,19.0,4.6,4.0,2.0,1.5
2023,Japanese Grand Prix,BOT,93.86,91.739,2.212999999999994,1.051000000000002,2.120999999999995,16.0,0,Alfa Romeo,26.086956521739136,36.55326086956522,False,20.0,13.0,14.2,15.0,15.5
2023,Mexico City Grand Prix,VER,79.718,78.686,0.0,0.0,1.0319999999999965,3.0,0,Red Bull Racing,25.802564102564105,44.11153846153847,False,1.0,1.8,7.0,1.0,2.0
2023,Mexico City Grand Prix,HAM,80.724,79.024,1.0060000000000002,0.3379999999999938,1.7000000000000028,6.0,0,Mercedes,25.802564102564105,44.11153846153847,False,2.0,4.8,7.4,2.0,2.0
2023,Mexico City Grand Prix,LEC,80.297,78.952,0.5789999999999935,0.2659999999999911,1.3449999999999989,1.0,0,Ferrari,25.802564102564105,44.11153846153847,False,3.0,7.6,3.8,6.0,5.5
2023,Mexico City Grand Prix,SAI,80.479,79.257,0.7609999999999957,0.570999999999998,1.2219999999999942,2.0,0,Ferrari,25.802564102564105,44.11153846153847,False,4.0,5.6,3.8,5.0,5.5
2023,Mexico City Grand Prix,NOR,80.237,78.805,0.5189999999999912,0.1189999999999997,1.431999999999988,19.0,0,McLaren,25.802564102564105,44.11153846153847,False,5.0,4.2,5.2,9.0,8.0
2023,Mexico City Grand Prix,RIC,80.568,79.002,0.8499999999999943,0.3159999999999883,1.5660000000000025,4.0,0,AlphaTauri,25.802564102564105,44.11153846153847,False,7.0,12.0,14.2,7.0,11.0
2023,Mexico City Grand Prix,PIA,80.463,79.163,0.7449999999999903,0.4769999999999896,1.2999999999999972,7.0,0,McLaren,25.802564102564105,44.11153846153847,False,8.0,7.2,5.2,,8.0
2023,Mexico City Grand Prix,ALB,79.813,79.446,0.0949999999999988,0.7599999999999909,0.3670000000000044,14.0,0,Williams,25.802564102564105,44.11153846153847,False,9.0,10.6,14.2,,18.0
2023,Mexico City Grand Prix,OCO,80.677,79.077,0.9590000000000032,0.3909999999999911,1.6000000000000083,16.0,0,Alpine,25.802564102564105,44.11153846153847,False,10.0,15.0,12.4,,19.0
2023,Mexico City Grand Prix,HUL,80.968,79.535,1.25,0.8489999999999895,1.433000000000007,12.0,0,Haas F1 Team,25.802564102564105,44.11153846153847,False,13.0,14.0,14.0,,16.0
2023,Mexico City Grand Prix,ZHO,81.129,79.415,1.4110000000000014,0.7289999999999992,1.7139999999999986,10.0,0,Alfa Romeo,25.802564102564105,44.11153846153847,False,14.0,14.6,15.2,13.0,11.5
2023,Mexico City Grand Prix,SAR,81.157,79.9,1.438999999999993,1.2139999999999986,1.2569999999999908,20.0,0,Williams,25.802564102564105,44.11153846153847,False,16.0,16.4,14.2,,18.0
2023,Mexico City Grand Prix,STR,80.687,80.075,0.968999999999994,1.3889999999999958,0.6119999999999948,18.0,0,Aston Martin,25.802564102564105,44.11153846153847,False,17.0,,,15.0,14.5
2023,Mexico City Grand Prix,ALO,81.347,80.426,1.628999999999991,1.7399999999999949,0.9209999999999924,13.0,0,Aston Martin,25.802564102564105,44.11153846153847,False,18.0,8.6,,19.0,14.5
2023,Mexico City Grand Prix,PER,80.015,78.988,0.296999999999997,0.3019999999999925,1.027000000000001,5.0,0,Red Bull Racing,25.802564102564105,44.11153846153847,False,20.0,7.2,7.0,3.0,2.0
2023,Las Vegas Grand Prix,VER,104.397,96.183,3.4879999999999995,0.9180000000000064,8.213999999999999,3.0,0,Red Bull Racing,15.127848101265824,16.88101265822785,False,1.0,1.8,9.8,,
2023,Las Vegas Grand Prix,LEC,100.909,95.265,0.0,0.0,5.6440000000000055,1.0,0,Ferrari,15.127848101265824,16.88101265822785,False,2.0,6.8,4.2,,
2023,Las Vegas Grand Prix,PER,106.793,96.085,5.884,0.8199999999999932,10.708000000000013,12.0,0,Red Bull Racing,15.127848101265824,16.88101265822785,False,3.0,10.6,9.8,,
2023,Las Vegas Grand Prix,OCO,105.365,97.241,4.455999999999989,1.975999999999999,8.123999999999995,17.0,0,Alpine,15.127848101265824,16.88101265822785,False,4.0,13.2,10.6,,
2023,Las Vegas Grand Prix,STR,,96.496,,1.2309999999999943,,14.0,0,Aston Martin,15.127848101265824,16.88101265822785,False,5.0,,,,
2023,Las Vegas Grand Prix,SAI,105.824,95.782,4.914999999999992,0.5169999999999959,10.042000000000002,2.0,0,Ferrari,15.127848101265824,16.88101265822785,False,6.0,4.4,4.2,,
2023,Las Vegas Grand Prix,HAM,108.513,96.663,7.603999999999999,1.397999999999996,11.850000000000009,11.0,0,Mercedes,15.127848101265824,16.88101265822785,False,7.0,4.4,6.6,,
2023,Las Vegas Grand Prix,RUS,105.497,96.89,4.587999999999994,1.625,8.607,4.0,0,Mercedes,15.127848101265824,16.88101265822785,False,8.0,10.2,6.6,,
2023,Las Vegas Grand Prix,ALO,,95.793,,0.5280000000000058,,10.0,0,Aston Martin,15.127848101265824,16.88101265822785,False,9.0,10.4,,,
2023,Las Vegas Grand Prix,PIA,123.607,96.987,22.698,1.7219999999999942,26.620000000000005,19.0,0,McLaren,15.127848101265824,16.88101265822785,False,10.0,7.8,5.0,,
2023,Las Vegas Grand Prix,GAS,108.253,97.134,7.343999999999994,1.869,11.119,5.0,0,Alpine,15.127848101265824,16.88101265822785,False,11.0,10.8,10.6,,
2023,Las Vegas Grand Prix,ALB,120.056,96.688,19.14699999999999,1.4230000000000018,23.367999999999995,6.0,0,Williams,15.127848101265824,16.88101265822785,False,12.0,10.2,14.4,,
2023,Las Vegas Grand Prix,MAG,104.261,96.917,3.3519999999999897,1.652000000000001,7.343999999999994,9.0,0,Haas F1 Team,15.127848101265824,16.88101265822785,False,13.0,15.2,13.0,,
2023,Las Vegas Grand Prix,RIC,108.65,97.68,7.741,2.4150000000000063,10.97,15.0,0,AlphaTauri,15.127848101265824,16.88101265822785,False,14.0,11.2,11.6,,
2023,Las Vegas Grand Prix,ZHO,108.822,97.656,7.912999999999997,2.3910000000000053,11.165999999999997,18.0,0,Alfa Romeo,15.127848101265824,16.88101265822785,False,15.0,14.2,15.2,,
2023,Las Vegas Grand Prix,BOT,107.147,96.129,6.238,0.8640000000000043,11.018,8.0,0,Alfa Romeo,15.127848101265824,16.88101265822785,False,17.0,14.6,15.2,,
2023,Las Vegas Grand Prix,TSU,105.908,97.412,4.998999999999995,2.1470000000000056,8.495999999999995,20.0,0,AlphaTauri,15.127848101265824,16.88101265822785,False,18.0,16.2,11.6,,
2023,Las Vegas Grand Prix,HUL,103.446,96.489,2.536999999999992,1.2240000000000038,6.956999999999994,13.0,0,Haas F1 Team,15.127848101265824,16.88101265822785,False,19.0,13.8,13.0,,
2023,Las Vegas Grand Prix,NOR,108.947,96.864,8.037999999999997,1.5990000000000038,12.082999999999998,16.0,0,McLaren,15.127848101265824,16.88101265822785,False,20.0,4.8,5.0,,
2023,Abu Dhabi Grand Prix,RUS,86.072,85.122,0.0,0.3130000000000024,0.9500000000000028,4.0,0,Mercedes,26.73333333333333,31.84615384615385,False,3.0,10.6,5.8,5.0,11.5
2023,Abu Dhabi Grand Prix,PIA,86.665,85.361,0.5930000000000035,0.5520000000000067,1.304000000000002,3.0,0,McLaren,26.73333333333333,31.84615384615385,False,6.0,8.0,9.2,,9.0
2023,Abu Dhabi Grand Prix,TSU,86.725,85.669,0.6529999999999916,0.8599999999999994,1.0559999999999974,6.0,0,AlphaTauri,26.73333333333333,31.84615384615385,False,8.0,16.8,12.4,11.0,12.5
2023,Abu Dhabi Grand Prix,STR,86.631,85.492,0.5589999999999975,0.6830000000000069,1.1389999999999958,13.0,0,Aston Martin,26.73333333333333,31.84615384615385,False,10.0,,13.4,,10.0
2023,Abu Dhabi Grand Prix,RIC,86.433,85.467,0.3610000000000042,0.6580000000000013,0.9660000000000082,15.0,0,AlphaTauri,26.73333333333333,31.84615384615385,False,11.0,12.6,12.4,9.0,12.5
2023,Abu Dhabi Grand Prix,GAS,86.72,85.321,0.6479999999999961,0.5120000000000005,1.399000000000001,10.0,0,Alpine,26.73333333333333,31.84615384615385,False,13.0,9.0,8.8,14.0,7.0
2023,Abu Dhabi Grand Prix,SAR,86.742,86.659,0.6700000000000017,1.8500000000000083,0.0829999999999984,20.0,0,Williams,26.73333333333333,31.84615384615385,False,16.0,16.0,14.0,,13.0
2023,Abu Dhabi Grand Prix,SAI,86.676,86.707,0.6039999999999992,1.897999999999996,-0.0309999999999917,16.0,0,Ferrari,26.73333333333333,31.84615384615385,False,18.0,4.0,4.2,,2.0
2023,Abu Dhabi Grand Prix,BOT,86.453,85.024,0.3810000000000002,0.2150000000000034,1.429000000000002,18.0,0,Alfa Romeo,26.73333333333333,31.84615384615385,False,19.0,15.6,15.8,15.0,15.0
2023,Abu Dhabi Grand Prix,MAG,87.462,86.413,1.3900000000000006,1.6039999999999992,1.0490000000000066,17.0,0,Haas F1 Team,26.73333333333333,31.84615384615385,False,20.0,14.4,14.8,17.0,17.0
2024,Bahrain Grand Prix,VER,93.238,90.851,0.3689999999999998,0.4770000000000038,2.3870000000000005,1.0,0,Red Bull Racing,18.049350649350657,21.51428571428572,False,1.0,1.8,8.8,10.0,10.0
2024,Bahrain Grand Prix,PER,93.413,91.115,0.5439999999999969,0.7409999999999997,2.298000000000002,5.0,0,Red Bull Racing,18.049350649350657,21.51428571428572,False,2.0,10.4,8.8,10.0,10.0
2024,Bahrain Grand Prix,SAI,93.385,90.769,0.5160000000000053,0.3950000000000102,2.616,4.0,0,Ferrari,18.049350649350657,21.51428571428572,False,3.0,7.0,6.6,3.0,6.5
2024,Bahrain Grand Prix,LEC,93.268,91.113,0.3990000000000009,0.7390000000000043,2.155000000000001,2.0,0,Ferrari,18.049350649350657,21.51428571428572,False,4.0,3.4,6.6,10.0,6.5
2024,Bahrain Grand Prix,RUS,93.251,90.58,0.382000000000005,0.206000000000003,2.6710000000000065,3.0,0,Mercedes,18.049350649350657,21.51428571428572,False,5.0,7.8,5.4,5.5,4.75
2024,Bahrain Grand Prix,NOR,92.901,92.608,0.0319999999999964,2.234000000000009,0.2929999999999921,7.0,0,McLaren,18.049350649350657,21.51428571428572,False,6.0,7.4,9.8,16.0,16.5
2024,Bahrain Grand Prix,HAM,93.302,90.374,0.4330000000000069,0.0,2.9280000000000115,9.0,0,Mercedes,18.049350649350657,21.51428571428572,False,7.0,4.6,5.4,4.0,4.75
2024,Bahrain Grand Prix,PIA,93.113,90.784,0.2439999999999997,0.4100000000000108,2.328999999999993,8.0,0,McLaren,18.049350649350657,21.51428571428572,False,8.0,6.8,9.8,20.0,16.5
2024,Bahrain Grand Prix,ALO,93.193,90.66,0.323999999999998,0.2860000000000013,2.5330000000000013,6.0,0,Aston Martin,18.049350649350657,21.51428571428572,False,9.0,11.8,11.8,6.0,9.5
2024,Bahrain Grand Prix,STR,93.868,90.891,0.9989999999999952,0.5170000000000101,2.9769999999999897,12.0,0,Aston Martin,18.049350649350657,21.51428571428572,False,10.0,,11.8,9.0,9.5
2024,Bahrain Grand Prix,ZHO,93.923,92.048,1.054000000000002,1.6740000000000066,1.875,17.0,0,Kick Sauber,18.049350649350657,21.51428571428572,False,11.0,13.6,,13.0,
2024,Bahrain Grand Prix,MAG,97.477,91.764,4.608000000000004,1.3900000000000006,5.713000000000008,15.0,0,Haas F1 Team,18.049350649350657,21.51428571428572,False,12.0,15.2,16.0,9.0,11.0
2024,Bahrain Grand Prix,RIC,92.869,91.516,0.0,1.14200000000001,1.3529999999999944,14.0,0,RB,18.049350649350657,21.51428571428572,False,13.0,10.8,,14.0,
2024,Bahrain Grand Prix,TSU,93.183,91.881,0.3140000000000071,1.507000000000005,1.3020000000000067,11.0,0,RB,18.049350649350657,21.51428571428572,False,14.0,15.4,,9.5,
2024,Bahrain Grand Prix,ALB,93.583,91.333,0.7139999999999986,0.9590000000000032,2.25,13.0,0,Williams,18.049350649350657,21.51428571428572,False,15.0,11.0,14.0,11.5,12.75
2024,Bahrain Grand Prix,HUL,97.938,90.884,5.069000000000003,0.5100000000000051,7.054000000000002,10.0,0,Haas F1 Team,18.049350649350657,21.51428571428572,False,16.0,15.2,16.0,16.0,11.0
2024,Bahrain Grand Prix,OCO,94.807,92.027,1.9380000000000024,1.6530000000000058,2.780000000000001,19.0,0,Alpine,18.049350649350657,21.51428571428572,False,17.0,12.0,9.6,12.5,10.75
2024,Bahrain Grand Prix,GAS,95.144,91.951,2.2750000000000057,1.5769999999999982,3.193000000000012,20.0,0,Alpine,18.049350649350657,21.51428571428572,False,18.0,11.0,9.6,14.5,10.75
2024,Bahrain Grand Prix,BOT,93.354,92.001,0.4849999999999994,1.6270000000000095,1.3529999999999944,16.0,0,Kick Sauber,18.049350649350657,21.51428571428572,False,19.0,16.6,,7.0,
2024,Bahrain Grand Prix,SAR,94.213,91.715,1.343999999999994,1.3410000000000082,2.4979999999999905,18.0,0,Williams,18.049350649350657,21.51428571428572,False,20.0,15.2,14.0,12.0,12.75
2024,Saudi Arabian Grand Prix,VER,89.659,89.158,0.0,0.331000000000003,0.5010000000000048,1.0,0,Red Bull Racing,25.10638297872341,30.786170212765963,False,1.0,1.8,5.4,1.5,2.0
2024,Saudi Arabian Grand Prix,PER,89.868,89.3,0.2089999999999889,0.472999999999999,0.5679999999999978,3.0,0,Red Bull Racing,25.10638297872341,30.786170212765963,False,2.0,10.4,5.4,2.5,2.0
2024,Saudi Arabian Grand Prix,LEC,90.03,89.18,0.3709999999999951,0.3530000000000086,0.8499999999999943,2.0,0,Ferrari,25.10638297872341,30.786170212765963,False,3.0,3.4,6.6,4.5,4.5
2024,Saudi Arabian Grand Prix,PIA,90.977,89.594,1.3179999999999978,0.7669999999999959,1.3830000000000098,5.0,0,McLaren,25.10638297872341,30.786170212765963,False,4.0,7.0,10.0,15.0,14.0
2024,Saudi Arabian Grand Prix,ALO,89.845,88.827,0.1859999999999928,0.0,1.018000000000001,4.0,0,Aston Martin,25.10638297872341,30.786170212765963,False,5.0,11.8,8.6,9.5,12.0
2024,Saudi Arabian Grand Prix,RUS,89.939,89.057,0.2799999999999869,0.2300000000000039,0.8819999999999908,7.0,0,Mercedes,25.10638297872341,30.786170212765963,False,6.0,7.8,6.0,4.5,6.0
2024,Saudi Arabian Grand Prix,NOR,90.231,89.758,0.5719999999999885,0.9309999999999974,0.472999999999999,6.0,0,McLaren,25.10638297872341,30.786170212765963,False,8.0,7.0,10.0,12.0,14.0
2024,Saudi Arabian Grand Prix,HAM,90.236,89.504,0.5769999999999982,0.6770000000000067,0.7319999999999993,8.0,0,Mercedes,25.10638297872341,30.786170212765963,False,9.0,4.8,6.0,7.5,6.0
2024,Saudi Arabian Grand Prix,HUL,91.411,90.077,1.7519999999999951,1.25,1.3340000000000032,15.0,0,Haas F1 Team,25.10638297872341,30.786170212765963,False,10.0,15.0,16.0,12.0,
2024,Saudi Arabian Grand Prix,ALB,90.747,89.789,1.087999999999994,0.9620000000000032,0.9579999999999984,12.0,0,Williams,25.10638297872341,30.786170212765963,False,11.0,12.6,15.8,16.5,16.75
2024,Saudi Arabian Grand Prix,MAG,91.577,89.985,1.917999999999992,1.1580000000000013,1.5919999999999987,13.0,0,Haas F1 Team,25.10638297872341,30.786170212765963,False,12.0,14.0,16.0,9.5,
2024,Saudi Arabian Grand Prix,OCO,90.945,89.901,1.2859999999999872,1.073999999999998,1.043999999999997,17.0,0,Alpine,25.10638297872341,30.786170212765963,False,13.0,11.6,12.6,7.0,9.75
2024,Saudi Arabian Grand Prix,SAR,90.966,89.934,1.306999999999988,1.106999999999999,1.0319999999999965,19.0,0,Williams,25.10638297872341,30.786170212765963,False,14.0,16.6,15.8,16.0,16.75
2024,Saudi Arabian Grand Prix,TSU,91.036,89.666,1.3769999999999951,0.8389999999999986,1.3700000000000043,9.0,0,RB,25.10638297872341,30.786170212765963,False,15.0,14.2,13.5,15.0,
2024,Saudi Arabian Grand Prix,RIC,90.917,90.088,1.2579999999999956,1.2609999999999957,0.8290000000000077,14.0,0,RB,25.10638297872341,30.786170212765963,False,16.0,11.6,13.5,17.0,
2024,Saudi Arabian Grand Prix,BOT,90.783,90.153,1.1239999999999952,1.3260000000000076,0.6299999999999955,16.0,0,Kick Sauber,25.10638297872341,30.786170212765963,False,17.0,18.4,15.0,16.5,
2024,Saudi Arabian Grand Prix,ZHO,91.131,89.777,1.4719999999999942,0.9500000000000028,1.3539999999999992,20.0,0,Kick Sauber,25.10638297872341,30.786170212765963,False,18.0,13.0,15.0,12.0,
2024,Saudi Arabian Grand Prix,STR,90.58,89.336,0.9209999999999924,0.5090000000000003,1.2439999999999998,10.0,0,Aston Martin,25.10638297872341,30.786170212765963,False,19.0,12.0,8.6,16.5,12.0
2024,Saudi Arabian Grand Prix,GAS,91.046,89.528,1.3870000000000005,0.7010000000000076,1.518000000000001,18.0,0,Alpine,25.10638297872341,30.786170212765963,False,20.0,11.6,12.6,8.5,9.75
2024,Australian Grand Prix,SAI,78.686,77.707,0.1220000000000141,0.4299999999999926,0.9790000000000134,2.0,0,Ferrari,18.742307692307687,34.41410256410256,True,1.0,7.4,6.8,16.0,13.25
2024,Australian Grand Prix,LEC,78.599,77.277,0.0350000000000108,0.0,1.3220000000000027,5.0,0,Ferrari,18.742307692307687,34.41410256410256,True,2.0,3.2,6.8,10.5,13.25
2024,Australian Grand Prix,NOR,78.564,78.155,0.0,0.8780000000000001,0.4089999999999918,4.0,0,McLaren,18.742307692307687,34.41410256410256,True,3.0,8.2,6.4,5.5,6.25
2024,Australian Grand Prix,PIA,78.918,78.077,0.3540000000000134,0.7999999999999972,0.8410000000000082,6.0,0,McLaren,18.742307692307687,34.41410256410256,True,4.0,7.2,6.4,8.0,6.25
2024,Australian Grand Prix,PER,78.642,78.09,0.0780000000000029,0.8130000000000024,0.5519999999999925,3.0,0,Red Bull Racing,18.742307692307687,34.41410256410256,True,5.0,9.2,1.8,3.5,6.5
2024,Australian Grand Prix,STR,78.667,77.822,0.1030000000000086,0.5450000000000017,0.8449999999999989,9.0,0,Aston Martin,18.742307692307687,34.41410256410256,True,6.0,12.2,10.6,8.0,6.333333333333333
2024,Australian Grand Prix,TSU,78.621,78.188,0.0570000000000021,0.9110000000000014,0.4329999999999927,8.0,0,RB,18.742307692307687,34.41410256410256,True,7.0,13.4,14.5,12.5,
2024,Australian Grand Prix,ALO,79.716,77.912,1.152000000000001,0.6350000000000051,1.803999999999988,10.0,0,Aston Martin,18.742307692307687,34.41410256410256,True,8.0,9.8,10.6,10.0,6.333333333333333
2024,Australian Grand Prix,HUL,79.604,78.702,1.0400000000000065,1.4249999999999972,0.902000000000001,16.0,0,Haas F1 Team,18.742307692307687,34.41410256410256,True,9.0,14.4,14.0,7.0,12.75
2024,Australian Grand Prix,MAG,79.489,79.275,0.9250000000000114,1.9980000000000049,0.2139999999999986,14.0,0,Haas F1 Team,18.742307692307687,34.41410256410256,True,10.0,14.4,14.0,15.5,12.75
2024,Australian Grand Prix,RIC,79.274,78.534,0.710000000000008,1.257000000000005,0.7399999999999949,18.0,0,RB,18.742307692307687,34.41410256410256,True,12.0,12.2,14.5,6.0,
2024,Australian Grand Prix,GAS,79.622,78.691,1.058000000000007,1.4140000000000017,0.9309999999999974,17.0,0,Alpine,18.742307692307687,34.41410256410256,True,13.0,14.4,16.2,11.0,12.75
2024,Australian Grand Prix,BOT,80.014,78.585,1.4500000000000028,1.3079999999999927,1.429000000000002,13.0,0,Kick Sauber,18.742307692307687,34.41410256410256,True,14.0,18.4,16.25,9.5,
2024,Australian Grand Prix,ZHO,79.989,78.421,1.4250000000000114,1.1440000000000057,1.5679999999999978,19.0,0,Kick Sauber,18.742307692307687,34.41410256410256,True,15.0,14.2,16.25,10.0,
2024,Australian Grand Prix,OCO,79.561,78.705,0.997000000000014,1.4279999999999973,0.8560000000000088,15.0,0,Alpine,18.742307692307687,34.41410256410256,True,16.0,10.6,16.2,10.5,12.75
2024,Australian Grand Prix,RUS,78.597,77.951,0.0330000000000012,0.6739999999999924,0.6460000000000008,7.0,0,Mercedes,18.742307692307687,34.41410256410256,True,17.0,5.8,6.0,10.5,6.75
2024,Australian Grand Prix,HAM,78.771,78.834,0.2070000000000078,1.5570000000000022,-0.0630000000000023,11.0,0,Mercedes,18.742307692307687,34.41410256410256,True,18.0,6.0,6.0,3.0,6.75
2024,Australian Grand Prix,VER,78.582,77.658,0.0180000000000006,0.3810000000000002,0.9239999999999924,1.0,0,Red Bull Racing,18.742307692307687,34.41410256410256,True,19.0,1.0,1.8,9.5,6.5
2024,Japanese Grand Prix,SAI,90.269,112.579,0.213000000000008,17.854,-22.309999999999988,4.0,0,Ferrari,17.53947368421053,26.71052631578948,False,3.0,6.4,2.6,12.5,8.0
2024,Japanese Grand Prix,LEC,90.558,98.76,0.5020000000000095,4.035000000000011,-8.201999999999998,8.0,0,Ferrari,17.53947368421053,26.71052631578948,False,4.0,2.8,2.6,3.5,8.0
2024,Japanese Grand Prix,NOR,91.24,104.977,1.1839999999999975,10.25200000000001,-13.737000000000007,3.0,0,McLaren,17.53947368421053,26.71052631578948,False,5.0,8.4,5.4,6.0,6.5
2024,Japanese Grand Prix,PIA,91.165,94.725,1.1090000000000089,0.0,-3.559999999999988,6.0,0,McLaren,17.53947368421053,26.71052631578948,False,8.0,6.4,5.4,3.0,6.5
2024,Japanese Grand Prix,HAM,90.543,95.226,0.487000000000009,0.5010000000000048,-4.682999999999993,7.0,0,Mercedes,17.53947368421053,26.71052631578948,False,9.0,8.6,11.4,5.0,6.25
2024,Japanese Grand Prix,TSU,91.23,100.946,1.1740000000000066,6.221000000000004,-9.715999999999994,10.0,0,RB,17.53947368421053,26.71052631578948,False,10.0,12.4,12.8,12.5,
2024,Japanese Grand Prix,HUL,91.958,109.473,1.902000000000001,14.748000000000005,-17.515,12.0,0,Haas F1 Team,17.53947368421053,26.71052631578948,False,11.0,13.4,11.4,14.0,14.333333333333334
2024,Japanese Grand Prix,MAG,92.803,,2.747,,,18.0,0,Haas F1 Team,17.53947368421053,26.71052631578948,False,13.0,13.4,11.4,14.5,14.333333333333334
2024,Japanese Grand Prix,BOT,92.054,116.059,1.9980000000000049,21.334000000000003,-24.004999999999995,13.0,0,Kick Sauber,17.53947368421053,26.71052631578948,False,14.0,17.2,16.6,17.5,
2024,Japanese Grand Prix,OCO,91.935,119.113,1.8790000000000049,24.388000000000005,-27.178,15.0,0,Alpine,17.53947368421053,26.71052631578948,False,15.0,12.0,16.0,6.5,7.5
2024,Japanese Grand Prix,ZHO,92.638,123.317,2.582000000000008,28.592,-30.678999999999988,20.0,0,Kick Sauber,17.53947368421053,26.71052631578948,False,18.0,14.6,16.6,14.5,
2024,Japanese Grand Prix,ALB,91.943,123.821,1.8870000000000005,29.096000000000004,-31.878,14.0,0,Williams,17.53947368421053,26.71052631578948,False,20.0,12.6,15.2,18.0,15.5
2024,Emilia Romagna Grand Prix,VER,77.24,76.447,0.25,0.5409999999999968,0.7929999999999922,1.0,0,Red Bull Racing,24.188,41.55866666666667,False,1.0,4.6,5.8,1.0,1.5
2024,Emilia Romagna Grand Prix,NOR,77.602,76.98,0.612000000000009,1.073999999999998,0.6219999999999999,3.0,0,McLaren,24.188,41.55866666666667,False,2.0,8.4,5.6,3.0,3.0
2024,Emilia Romagna Grand Prix,LEC,76.99,75.906,0.0,0.0,1.083999999999989,4.0,0,Ferrari,24.188,41.55866666666667,False,3.0,3.0,2.6,6.0,13.0
2024,Emilia Romagna Grand Prix,PIA,77.807,76.098,0.8170000000000073,0.191999999999993,1.7090000000000032,2.0,0,McLaren,24.188,41.55866666666667,False,4.0,6.0,5.6,,3.0
2024,Emilia Romagna Grand Prix,SAI,77.12,76.423,0.1300000000000096,0.5169999999999959,0.6970000000000027,5.0,0,Ferrari,24.188,41.55866666666667,False,5.0,6.2,2.6,20.0,13.0
2024,Emilia Romagna Grand Prix,HAM,77.408,76.297,0.4180000000000063,0.3909999999999911,1.1110000000000042,8.0,0,Mercedes,24.188,41.55866666666667,False,6.0,10.0,11.8,13.0,8.5
2024,Emilia Romagna Grand Prix,RUS,77.094,76.311,0.1039999999999992,0.4050000000000011,0.782999999999987,6.0,0,Mercedes,24.188,41.55866666666667,False,7.0,7.8,11.8,4.0,8.5
2024,Emilia Romagna Grand Prix,PER,77.233,76.552,0.2430000000000092,0.6460000000000008,0.6809999999999974,11.0,0,Red Bull Racing,24.188,41.55866666666667,False,8.0,6.4,5.8,2.0,1.5
2024,Emilia Romagna Grand Prix,STR,78.072,76.991,1.0820000000000078,1.0849999999999935,1.081000000000003,13.0,0,Aston Martin,24.188,41.55866666666667,False,9.0,10.0,9.6,10.0,9.0
2024,Emilia Romagna Grand Prix,TSU,77.388,76.286,0.3980000000000103,0.3799999999999954,1.102000000000004,7.0,0,RB,24.188,41.55866666666667,False,10.0,10.8,12.0,7.0,
2024,Emilia Romagna Grand Prix,HUL,81.059,76.826,4.069000000000003,0.9199999999999876,4.233000000000004,10.0,0,Haas F1 Team,24.188,41.55866666666667,False,11.0,13.0,11.0,,13.0
2024,Emilia Romagna Grand Prix,RIC,78.142,76.967,1.152000000000001,1.0609999999999928,1.1749999999999972,9.0,0,RB,24.188,41.55866666666667,False,13.0,13.2,12.0,,
2024,Emilia Romagna Grand Prix,OCO,78.612,77.008,1.622,1.1019999999999897,1.6039999999999992,12.0,0,Alpine,24.188,41.55866666666667,False,14.0,13.0,15.4,14.0,16.5
2024,Emilia Romagna Grand Prix,ZHO,79.129,77.606,2.13900000000001,1.6999999999999886,1.5230000000000103,17.0,0,Kick Sauber,24.188,41.55866666666667,False,15.0,15.4,15.8,15.0,
2024,Emilia Romagna Grand Prix,GAS,77.905,77.064,0.9150000000000064,1.157999999999987,0.8410000000000082,15.0,0,Alpine,24.188,41.55866666666667,False,16.0,15.0,15.4,12.0,16.5
2024,Emilia Romagna Grand Prix,SAR,79.901,77.848,2.9110000000000014,1.941999999999993,2.0529999999999973,20.0,0,Williams,24.188,41.55866666666667,False,17.0,16.6,16.0,,13.5
2024,Emilia Romagna Grand Prix,BOT,78.827,77.088,1.8370000000000035,1.181999999999988,1.7390000000000043,16.0,0,Kick Sauber,24.188,41.55866666666667,False,18.0,16.6,15.8,,
2024,Emilia Romagna Grand Prix,ALO,77.867,76.838,0.8770000000000095,0.931999999999988,1.0290000000000106,19.0,0,Aston Martin,24.188,41.55866666666667,False,19.0,9.8,9.6,19.0,9.0
2024,Emilia Romagna Grand Prix,ALB,80.05,77.135,3.0600000000000023,1.2289999999999992,2.914999999999992,14.0,0,Williams,24.188,41.55866666666667,False,20.0,13.4,16.0,11.0,13.5
2024,Monaco Grand Prix,LEC,72.397,71.278,0.2280000000000086,0.0,1.1189999999999998,1.0,0,Ferrari,21.24210526315789,44.72631578947369,False,1.0,3.2,3.4,5.0,5.0
2024,Monaco Grand Prix,PIA,72.198,72.366,0.0289999999999963,1.087999999999994,-0.1680000000000063,2.0,0,McLaren,21.24210526315789,44.72631578947369,False,2.0,5.6,4.6,10.0,9.5
2024,Monaco Grand Prix,SAI,72.954,71.962,0.7849999999999966,0.6839999999999975,0.9919999999999902,3.0,0,Ferrari,21.24210526315789,44.72631578947369,False,3.0,6.0,3.4,5.0,5.0
2024,Monaco Grand Prix,NOR,72.396,71.953,0.2270000000000038,0.6749999999999972,0.4429999999999978,4.0,0,McLaren,21.24210526315789,44.72631578947369,False,4.0,4.8,4.6,7.5,9.5
2024,Monaco Grand Prix,RUS,72.295,72.26,0.1260000000000047,0.9819999999999992,0.0349999999999965,5.0,0,Mercedes,21.24210526315789,44.72631578947369,False,5.0,7.6,11.4,5.0,5.5
2024,Monaco Grand Prix,VER,72.984,71.813,0.8149999999999977,0.5349999999999966,1.1709999999999925,6.0,0,Red Bull Racing,21.24210526315789,44.72631578947369,False,6.0,4.6,7.0,2.0,5.25
2024,Monaco Grand Prix,HAM,72.169,71.466,0.0,0.1879999999999881,0.703000000000003,7.0,0,Mercedes,21.24210526315789,44.72631578947369,False,7.0,9.8,11.4,6.0,5.5
2024,Monaco Grand Prix,TSU,72.875,72.349,0.7060000000000031,1.070999999999998,0.5259999999999962,8.0,0,RB,21.24210526315789,44.72631578947369,False,8.0,11.2,10.4,16.0,
2024,Monaco Grand Prix,ALB,73.425,72.257,1.2560000000000002,0.9789999999999992,1.1679999999999922,9.0,0,Williams,21.24210526315789,44.72631578947369,False,9.0,15.6,16.4,16.0,16.25
2024,Monaco Grand Prix,GAS,75.574,72.75,3.405000000000001,1.4719999999999942,2.823999999999998,10.0,0,Alpine,21.24210526315789,44.72631578947369,False,10.0,16.0,14.8,9.0,7.25
2024,Monaco Grand Prix,ALO,72.775,71.753,0.6060000000000088,0.4749999999999943,1.0220000000000056,14.0,0,Aston Martin,21.24210526315789,44.72631578947369,False,11.0,10.0,12.2,4.5,11.5
2024,Monaco Grand Prix,RIC,72.901,72.577,0.7319999999999993,1.2989999999999924,0.323999999999998,12.0,0,RB,21.24210526315789,44.72631578947369,False,12.0,13.0,10.4,13.0,
2024,Monaco Grand Prix,BOT,73.248,73.057,1.0790000000000075,1.7789999999999964,0.1910000000000025,17.0,0,Kick Sauber,21.24210526315789,44.72631578947369,False,13.0,16.4,16.0,10.0,
2024,Monaco Grand Prix,STR,72.789,72.062,0.6200000000000045,0.7839999999999918,0.7270000000000039,13.0,0,Aston Martin,21.24210526315789,44.72631578947369,False,14.0,10.8,12.2,17.0,11.5
2024,Monaco Grand Prix,SAR,74.15,72.79,1.9810000000000088,1.5120000000000005,1.3599999999999994,15.0,0,Williams,21.24210526315789,44.72631578947369,False,15.0,16.6,16.4,18.0,16.25
2024,Monaco Grand Prix,ZHO,74.57,73.773,2.400999999999996,2.4949999999999903,0.796999999999997,18.0,0,Kick Sauber,21.24210526315789,44.72631578947369,False,16.0,15.4,16.0,14.5,
2024,Monaco Grand Prix,OCO,74.159,72.554,1.990000000000009,1.2759999999999962,1.605000000000004,11.0,0,Alpine,21.24210526315789,44.72631578947369,False,17.0,15.0,14.8,7.5,7.25
2024,Monaco Grand Prix,PER,73.229,72.099,1.0600000000000025,0.820999999999998,1.1299999999999957,16.0,0,Red Bull Racing,21.24210526315789,44.72631578947369,False,18.0,4.0,7.0,8.5,5.25
2024,Monaco Grand Prix,HUL,73.576,72.569,1.4069999999999965,1.2909999999999968,1.0069999999999908,14.0,0,Haas F1 Team,21.24210526315789,44.72631578947369,False,19.0,11.4,10.8,17.0,18.75
2024,Monaco Grand Prix,MAG,73.39,72.473,1.2210000000000036,1.1949999999999932,0.9170000000000016,15.0,0,Haas F1 Team,21.24210526315789,44.72631578947369,False,20.0,13.4,10.8,19.5,18.75
2024,Canadian Grand Prix,VER,86.502,79.311,2.066999999999993,3.5010000000000048,7.190999999999988,2.0,0,Red Bull Racing,20.55384615384616,31.116666666666653,True,1.0,5.6,10.4,1.0,7.0
2024,Canadian Grand Prix,NOR,84.435,80.843,0.0,5.033000000000001,3.5919999999999987,3.0,0,McLaren,20.55384615384616,31.116666666666653,True,2.0,4.4,4.0,14.0,12.5
2024,Canadian Grand Prix,RUS,88.541,76.273,4.1059999999999945,0.4629999999999938,12.268,1.0,0,Mercedes,20.55384615384616,31.116666666666653,True,3.0,8.0,6.8,4.0,3.5
2024,Canadian Grand Prix,HAM,85.97,76.908,1.5349999999999966,1.097999999999999,9.061999999999998,7.0,0,Mercedes,20.55384615384616,31.116666666666653,True,4.0,9.8,6.8,3.0,3.5
2024,Canadian Grand Prix,PIA,86.754,79.008,2.3190000000000026,3.1979999999999933,7.746000000000009,4.0,0,McLaren,20.55384615384616,31.116666666666653,True,5.0,4.4,4.0,11.0,12.5
2024,Canadian Grand Prix,ALO,93.411,75.81,8.975999999999999,0.0,17.601,6.0,0,Aston Martin,20.55384615384616,31.116666666666653,True,6.0,10.4,12.2,5.5,8.25
2024,Canadian Grand Prix,STR,100.53,76.464,16.095,0.6539999999999964,24.066000000000003,9.0,0,Aston Martin,20.55384615384616,31.116666666666653,True,7.0,11.6,12.2,9.5,8.25
2024,Canadian Grand Prix,RIC,88.582,76.731,4.146999999999991,0.9209999999999924,11.851,5.0,0,RB,20.55384615384616,31.116666666666653,True,8.0,13.2,10.6,11.0,
2024,Canadian Grand Prix,GAS,87.584,80.789,3.149000000000001,4.978999999999999,6.795000000000002,15.0,0,Alpine,20.55384615384616,31.116666666666653,True,9.0,15.4,14.4,14.0,7.5
2024,Canadian Grand Prix,HUL,92.826,77.903,8.390999999999991,2.0930000000000035,14.922999999999988,19.0,0,Haas F1 Team,20.55384615384616,31.116666666666653,True,11.0,12.0,14.8,15.0,17.0
2024,Canadian Grand Prix,MAG,89.052,76.773,4.617000000000004,0.962999999999994,12.27900000000001,14.0,0,Haas F1 Team,20.55384615384616,31.116666666666653,True,12.0,13.4,14.8,17.0,17.0
2024,Canadian Grand Prix,BOT,87.67,77.817,3.2349999999999994,2.006999999999991,9.853000000000009,17.0,0,Kick Sauber,20.55384615384616,31.116666666666653,True,13.0,15.2,16.0,8.5,
2024,Canadian Grand Prix,TSU,88.723,76.951,4.287999999999997,1.1409999999999911,11.772000000000006,8.0,0,RB,20.55384615384616,31.116666666666653,True,14.0,10.0,10.6,16.0,
2024,Canadian Grand Prix,ZHO,107.363,79.087,22.928,3.277000000000001,28.276,20.0,0,Kick Sauber,20.55384615384616,31.116666666666653,True,15.0,16.4,16.0,12.0,
2024,Canadian Grand Prix,SAI,84.763,77.722,0.3280000000000029,1.911999999999992,7.041000000000011,12.0,0,Ferrari,20.55384615384616,31.116666666666653,True,16.0,3.0,3.2,3.5,4.0
2024,Canadian Grand Prix,ALB,107.907,76.977,23.472,1.1670000000000016,30.93,10.0,0,Williams,20.55384615384616,31.116666666666653,True,17.0,15.0,16.2,10.0,14.0
2024,Canadian Grand Prix,PER,88.058,77.041,3.6230000000000047,1.2309999999999943,11.01700000000001,16.0,0,Red Bull Racing,20.55384615384616,31.116666666666653,True,18.0,7.0,10.4,13.0,7.0
2024,Canadian Grand Prix,LEC,85.306,76.556,0.8709999999999951,0.7459999999999951,8.75,11.0,0,Ferrari,20.55384615384616,31.116666666666653,True,19.0,2.6,3.2,4.5,4.0
2024,Canadian Grand Prix,SAR,96.586,77.496,12.150999999999996,1.6859999999999928,19.090000000000003,13.0,0,Williams,20.55384615384616,31.116666666666653,True,20.0,16.4,16.2,20.0,14.0
2024,Spanish Grand Prix,VER,74.252,73.504,0.0240000000000009,0.2400000000000091,0.7479999999999905,2.0,0,Red Bull Racing,24.089473684210525,36.53552631578948,False,1.0,5.6,10.2,1.0,2.0
2024,Spanish Grand Prix,NOR,74.228,73.319,0.0,0.0550000000000068,0.9089999999999918,1.0,0,McLaren,24.089473684210525,36.53552631578948,False,2.0,3.2,3.4,12.5,12.5
2024,Spanish Grand Prix,HAM,74.911,73.264,0.6830000000000069,0.0,1.6470000000000056,3.0,0,Mercedes,24.089473684210525,36.53552631578948,False,3.0,8.8,5.2,3.5,3.25
2024,Spanish Grand Prix,RUS,74.614,73.722,0.3860000000000099,0.4579999999999984,0.8920000000000101,4.0,0,Mercedes,24.089473684210525,36.53552631578948,False,4.0,7.6,5.2,3.0,3.25
2024,Spanish Grand Prix,LEC,75.434,73.597,1.206000000000003,0.3329999999999984,1.8370000000000035,5.0,0,Ferrari,24.089473684210525,36.53552631578948,False,5.0,5.8,8.8,15.5,10.0
2024,Spanish Grand Prix,SAI,74.572,73.286,0.3440000000000083,0.0220000000000055,1.2860000000000014,6.0,0,Ferrari,24.089473684210525,36.53552631578948,False,6.0,5.6,8.8,4.5,10.0
2024,Spanish Grand Prix,PIA,74.867,73.622,0.63900000000001,0.3580000000000041,1.2450000000000043,10.0,0,McLaren,24.089473684210525,36.53552631578948,False,7.0,4.6,3.4,13.0,12.5
2024,Spanish Grand Prix,PER,74.692,74.081,0.4639999999999986,0.8170000000000073,0.61099999999999,8.0,0,Red Bull Racing,24.089473684210525,36.53552631578948,False,8.0,10.2,10.2,4.0,2.0
2024,Spanish Grand Prix,GAS,75.484,73.443,1.2560000000000002,0.179000000000002,2.040999999999997,7.0,0,Alpine,24.089473684210525,36.53552631578948,False,9.0,13.6,13.2,11.5,8.5
2024,Spanish Grand Prix,OCO,75.086,73.766,0.8580000000000041,0.5020000000000095,1.3199999999999932,9.0,0,Alpine,24.089473684210525,36.53552631578948,False,10.0,15.0,13.2,7.5,8.5
2024,Spanish Grand Prix,ALO,75.222,74.091,0.9939999999999998,0.8269999999999982,1.1310000000000002,11.0,0,Aston Martin,24.089473684210525,36.53552631578948,False,12.0,9.8,11.4,8.0,9.75
2024,Spanish Grand Prix,ZHO,75.616,74.345,1.3880000000000052,1.081000000000003,1.2710000000000008,15.0,0,Kick Sauber,24.089473684210525,36.53552631578948,False,13.0,15.8,15.0,9.0,
2024,Spanish Grand Prix,STR,75.512,74.402,1.284000000000006,1.1380000000000052,1.1099999999999994,14.0,0,Aston Martin,24.089473684210525,36.53552631578948,False,14.0,11.0,11.4,10.5,9.75
2024,Spanish Grand Prix,RIC,75.58,74.257,1.352000000000004,0.9930000000000092,1.3229999999999933,18.0,0,RB,24.089473684210525,36.53552631578948,False,15.0,12.2,11.0,12.0,
2024,Spanish Grand Prix,BOT,75.472,73.924,1.2439999999999998,0.6600000000000108,1.5479999999999876,12.0,0,Kick Sauber,24.089473684210525,36.53552631578948,False,16.0,14.4,15.0,12.5,
2024,Spanish Grand Prix,MAG,75.644,74.021,1.416000000000011,0.757000000000005,1.6230000000000049,16.0,0,Haas F1 Team,24.089473684210525,36.53552631578948,False,17.0,13.4,14.6,17.5,16.0
2024,Spanish Grand Prix,ALB,75.417,74.807,1.1890000000000072,1.5430000000000064,0.6099999999999994,19.0,0,Williams,24.089473684210525,36.53552631578948,False,18.0,15.4,16.2,16.0,17.333333333333332
2024,Spanish Grand Prix,TSU,75.916,74.211,1.6880000000000024,0.9470000000000028,1.7049999999999983,17.0,0,RB,24.089473684210525,36.53552631578948,False,19.0,9.8,11.0,11.0,
2024,Spanish Grand Prix,SAR,75.752,75.07,1.524000000000001,1.8059999999999967,0.6820000000000022,20.0,0,Williams,24.089473684210525,36.53552631578948,False,20.0,17.2,16.2,20.0,17.333333333333332
2024,British Grand Prix,HAM,87.858,87.202,0.4380000000000024,0.6529999999999916,0.6560000000000059,2.0,0,Mercedes,13.69764705882353,21.21529411764706,True,1.0,5.8,4.2,3.0,7.25
2024,British Grand Prix,VER,87.729,87.233,0.3089999999999975,0.6839999999999975,0.4959999999999951,4.0,0,Red Bull Racing,13.69764705882353,21.21529411764706,True,2.0,5.6,9.2,4.0,4.0
2024,British Grand Prix,NOR,87.42,86.549,0.0,0.0,0.8709999999999951,3.0,0,McLaren,13.69764705882353,21.21529411764706,True,3.0,3.0,4.0,4.0,6.25
2024,British Grand Prix,PIA,87.631,86.88,0.2109999999999985,0.3309999999999888,0.7510000000000048,5.0,0,McLaren,13.69764705882353,21.21529411764706,True,4.0,5.2,4.0,4.0,6.25
2024,British Grand Prix,SAI,87.925,87.249,0.5049999999999955,0.6999999999999886,0.6760000000000019,7.0,0,Ferrari,13.69764705882353,21.21529411764706,True,5.0,6.6,9.8,5.5,5.0
2024,British Grand Prix,HUL,88.082,86.99,0.6619999999999919,0.4409999999999883,1.0919999999999987,6.0,0,Haas F1 Team,13.69764705882353,21.21529411764706,True,6.0,12.2,15.8,13.0,12.5
2024,British Grand Prix,STR,87.554,87.274,0.1340000000000003,0.7249999999999943,0.2800000000000011,8.0,0,Aston Martin,13.69764705882353,21.21529411764706,True,7.0,10.0,10.6,12.5,10.25
2024,British Grand Prix,ALO,87.794,87.372,0.3739999999999952,0.8229999999999933,0.421999999999997,10.0,0,Aston Martin,13.69764705882353,21.21529411764706,True,8.0,11.2,10.6,6.0,10.25
2024,British Grand Prix,ALB,88.649,87.645,1.2289999999999992,1.0959999999999894,1.0040000000000049,9.0,0,Williams,13.69764705882353,21.21529411764706,True,9.0,16.8,18.0,14.0,12.75
2024,British Grand Prix,TSU,89.864,87.745,2.4440000000000026,1.195999999999998,2.119,13.0,0,RB,13.69764705882353,21.21529411764706,True,10.0,12.2,13.6,15.0,
2024,British Grand Prix,RIC,88.477,87.916,1.0570000000000022,1.3669999999999902,0.561000000000007,15.0,0,RB,13.69764705882353,21.21529411764706,True,13.0,12.0,13.6,13.0,
2024,British Grand Prix,LEC,87.903,87.15,0.4830000000000041,0.6009999999999991,0.7530000000000001,11.0,0,Ferrari,13.69764705882353,21.21529411764706,True,14.0,6.4,9.8,4.0,5.0
2024,British Grand Prix,BOT,88.254,87.381,0.8340000000000032,0.8319999999999936,0.8730000000000047,16.0,0,Kick Sauber,13.69764705882353,21.21529411764706,True,15.0,14.8,14.6,14.5,
2024,British Grand Prix,OCO,87.974,87.743,0.554000000000002,1.1939999999999884,0.2310000000000087,18.0,0,Alpine,13.69764705882353,21.21529411764706,True,16.0,14.4,11.0,17.5,14.5
2024,British Grand Prix,ZHO,88.59,87.813,1.1700000000000017,1.2639999999999958,0.777000000000001,14.0,0,Kick Sauber,13.69764705882353,21.21529411764706,True,18.0,15.4,14.6,17.0,
2024,British Grand Prix,RUS,87.738,87.294,0.3179999999999978,0.7449999999999903,0.4440000000000026,1.0,0,Mercedes,13.69764705882353,21.21529411764706,True,19.0,7.2,4.2,11.5,7.25
2024,Hungarian Grand Prix,PIA,79.249,78.618,0.5360000000000014,0.8299999999999983,0.6310000000000002,2.0,0,McLaren,24.375238095238096,30.31333333333333,True,1.0,4.4,4.2,5.0,7.25
2024,Hungarian Grand Prix,NOR,79.211,77.788,0.4980000000000046,0.0,1.4230000000000018,1.0,0,McLaren,24.375238095238096,30.31333333333333,True,2.0,2.6,4.2,4.5,7.25
2024,Hungarian Grand Prix,HAM,79.287,78.363,0.5740000000000123,0.5750000000000028,0.9240000000000066,5.0,0,Mercedes,24.375238095238096,30.31333333333333,True,3.0,4.2,6.2,3.0,3.75
2024,Hungarian Grand Prix,LEC,79.011,79.286,0.2980000000000018,1.4980000000000049,-0.2750000000000057,6.0,0,Ferrari,24.375238095238096,30.31333333333333,True,4.0,8.4,9.8,6.5,6.25
2024,Hungarian Grand Prix,VER,78.989,78.031,0.2760000000000104,0.2430000000000092,0.9579999999999984,3.0,0,Red Bull Racing,24.375238095238096,30.31333333333333,True,5.0,2.2,6.0,1.0,2.5
2024,Hungarian Grand Prix,SAI,78.713,78.185,0.0,0.3970000000000055,0.5279999999999916,4.0,0,Ferrari,24.375238095238096,30.31333333333333,True,6.0,7.0,9.8,6.0,6.25
2024,Hungarian Grand Prix,PER,79.44,78.255,0.7270000000000039,0.4669999999999987,1.1850000000000025,16.0,0,Red Bull Racing,24.375238095238096,30.31333333333333,True,7.0,11.4,6.0,4.0,2.5
2024,Hungarian Grand Prix,RUS,79.137,78.294,0.4240000000000066,0.5060000000000002,0.8430000000000035,17.0,0,Mercedes,24.375238095238096,30.31333333333333,True,8.0,7.6,6.2,4.5,3.75
2024,Hungarian Grand Prix,TSU,79.26,79.606,0.5470000000000113,1.8179999999999976,-0.3459999999999894,10.0,0,RB,24.375238095238096,30.31333333333333,True,9.0,12.2,14.2,17.0,
2024,Hungarian Grand Prix,STR,79.265,79.179,0.5520000000000067,1.3910000000000051,0.0859999999999985,8.0,0,Aston Martin,24.375238095238096,30.31333333333333,True,10.0,10.2,9.6,10.5,10.0
2024,Hungarian Grand Prix,ALO,79.686,78.519,0.9730000000000132,0.7310000000000088,1.1670000000000016,7.0,0,Aston Martin,24.375238095238096,30.31333333333333,True,11.0,11.2,9.6,8.5,10.0
2024,Hungarian Grand Prix,RIC,79.578,78.371,0.8650000000000091,0.5829999999999984,1.2070000000000078,9.0,0,RB,24.375238095238096,30.31333333333333,True,12.0,12.2,14.2,14.0,
2024,Hungarian Grand Prix,ALB,79.794,78.514,1.081000000000003,0.7259999999999991,1.2800000000000011,13.0,0,Williams,24.375238095238096,30.31333333333333,True,14.0,14.6,16.8,14.0,16.0
2024,Hungarian Grand Prix,MAG,80.295,78.315,1.5820000000000078,0.527000000000001,1.980000000000004,15.0,0,Haas F1 Team,24.375238095238096,30.31333333333333,True,15.0,14.4,13.2,16.5,15.25
2024,Hungarian Grand Prix,BOT,79.804,78.586,1.0910000000000082,0.7980000000000018,1.2180000000000035,12.0,0,Kick Sauber,24.375238095238096,30.31333333333333,True,16.0,15.0,15.4,12.0,
2024,Hungarian Grand Prix,SAR,79.885,78.611,1.1720000000000113,0.8230000000000075,1.274000000000001,14.0,0,Williams,24.375238095238096,30.31333333333333,True,17.0,17.2,16.8,18.0,16.0
2024,Hungarian Grand Prix,OCO,80.023,78.754,1.3100000000000025,0.9660000000000082,1.2689999999999912,19.0,0,Alpine,24.375238095238096,30.31333333333333,True,18.0,14.4,12.2,14.0,14.0
2024,Hungarian Grand Prix,ZHO,79.18,80.067,0.4670000000000129,2.2789999999999964,-0.8869999999999862,18.0,0,Kick Sauber,24.375238095238096,30.31333333333333,True,19.0,15.4,15.4,14.5,
2024,Hungarian Grand Prix,GAS,79.976,78.888,1.2630000000000052,1.1000000000000083,1.087999999999994,20.0,0,Alpine,24.375238095238096,30.31333333333333,True,20.0,11.4,12.2,16.0,14.0
2024,Belgian Grand Prix,HAM,104.279,103.519,0.9069999999999964,1.2590000000000003,0.7599999999999909,4.0,0,Mercedes,18.001265822784816,22.02278481012658,True,1.0,3.6,7.0,20.0,12.0
2024,Belgian Grand Prix,PIA,103.903,102.475,0.5310000000000059,0.2149999999999892,1.4280000000000117,6.0,0,McLaren,18.001265822784816,22.02278481012658,True,2.0,3.8,3.4,,13.5
2024,Belgian Grand Prix,LEC,104.306,102.837,0.9339999999999976,0.5769999999999982,1.468999999999994,2.0,0,Ferrari,18.001265822784816,22.02278481012658,True,3.0,8.6,7.0,6.0,4.5
2024,Belgian Grand Prix,VER,103.372,102.477,0.0,0.2169999999999987,0.894999999999996,1.0,0,Red Bull Racing,18.001265822784816,22.02278481012658,True,4.0,3.0,4.6,1.0,1.5
2024,Belgian Grand Prix,NOR,104.415,102.26,1.0430000000000064,0.0,2.155000000000001,5.0,0,McLaren,18.001265822784816,22.02278481012658,True,5.0,2.6,3.4,12.0,13.5
2024,Belgian Grand Prix,SAI,104.574,103.098,1.2019999999999982,0.8379999999999939,1.475999999999999,8.0,0,Ferrari,18.001265822784816,22.02278481012658,True,6.0,7.2,7.0,3.0,4.5
2024,Belgian Grand Prix,PER,104.329,103.504,0.9569999999999936,1.2439999999999998,0.8249999999999886,3.0,0,Red Bull Racing,18.001265822784816,22.02278481012658,True,7.0,11.8,4.6,2.0,1.5
2024,Belgian Grand Prix,ALO,104.921,103.538,1.5490000000000066,1.2779999999999916,1.3830000000000098,9.0,0,Aston Martin,18.001265822784816,22.02278481012658,True,8.0,9.6,10.0,5.0,9.5
2024,Belgian Grand Prix,OCO,,103.401,,1.1409999999999911,,10.0,0,Alpine,18.001265822784816,22.02278481012658,True,9.0,15.0,14.6,7.0,6.0
2024,Belgian Grand Prix,RIC,104.95,103.823,1.578000000000003,1.5629999999999882,1.1270000000000095,13.0,0,RB,18.001265822784816,22.02278481012658,True,10.0,12.0,12.6,15.0,
2024,Belgian Grand Prix,STR,104.699,103.532,1.3269999999999982,1.2719999999999914,1.1670000000000016,15.0,0,Aston Martin,18.001265822784816,22.02278481012658,True,11.0,10.4,10.0,11.0,9.5
2024,Belgian Grand Prix,ALB,104.099,103.892,0.7270000000000039,1.6319999999999908,0.2070000000000078,11.0,0,Williams,18.001265822784816,22.02278481012658,True,12.0,13.4,15.6,10.0,14.0
2024,Belgian Grand Prix,GAS,104.833,103.829,1.4609999999999983,1.5689999999999884,1.0040000000000049,12.0,0,Alpine,18.001265822784816,22.02278481012658,True,13.0,12.8,14.6,,6.0
2024,Belgian Grand Prix,MAG,105.812,103.485,2.4399999999999977,1.2249999999999943,2.326999999999998,17.0,0,Haas F1 Team,18.001265822784816,22.02278481012658,True,14.0,15.4,12.2,16.0,16.5
2024,Belgian Grand Prix,BOT,105.155,103.675,1.7830000000000013,1.414999999999992,1.480000000000004,14.0,0,Kick Sauber,18.001265822784816,22.02278481012658,True,15.0,14.6,16.8,19.0,
2024,Belgian Grand Prix,TSU,105.564,104.348,2.191999999999993,2.087999999999994,1.215999999999994,18.0,0,RB,18.001265822784816,22.02278481012658,True,16.0,12.0,12.6,13.0,
2024,Belgian Grand Prix,SAR,105.311,104.226,1.9390000000000072,1.965999999999994,1.085000000000008,19.0,0,Williams,18.001265822784816,22.02278481012658,True,17.0,17.8,15.6,,14.0
2024,Belgian Grand Prix,HUL,105.645,103.846,2.272999999999996,1.5859999999999983,1.7989999999999924,16.0,0,Haas F1 Team,18.001265822784816,22.02278481012658,True,18.0,11.6,12.2,,16.5
2024,Belgian Grand Prix,ZHO,105.995,104.302,2.6230000000000047,2.0420000000000016,1.6929999999999978,20.0,0,Kick Sauber,18.001265822784816,22.02278481012658,True,19.0,16.2,16.8,14.0,
2024,Belgian Grand Prix,RUS,104.225,103.29,0.8529999999999944,1.0300000000000011,0.934999999999988,7.0,0,Mercedes,18.001265822784816,22.02278481012658,True,20.0,7.8,7.0,4.0,12.0
2024,Dutch Grand Prix,NOR,72.322,70.961,0.0,0.2590000000000003,1.3610000000000042,1.0,0,McLaren,24.48101265822785,30.14050632911392,False,1.0,2.8,2.8,7.0,10.0
2024,Dutch Grand Prix,VER,72.523,70.986,0.2009999999999934,0.284000000000006,1.536999999999992,2.0,0,Red Bull Racing,24.48101265822785,30.14050632911392,False,2.0,2.6,5.0,1.0,2.75
2024,Dutch Grand Prix,LEC,74.306,71.443,1.9839999999999949,0.7409999999999997,2.8629999999999995,6.0,0,Ferrari,24.48101265822785,30.14050632911392,False,3.0,9.0,6.6,11.0,10.0
2024,Dutch Grand Prix,PIA,73.23,70.763,0.9080000000000013,0.061000000000007,2.4669999999999987,3.0,0,McLaren,24.48101265822785,30.14050632911392,False,4.0,3.8,2.8,9.0,10.0
2024,Dutch Grand Prix,SAI,73.074,73.108,0.7519999999999953,2.406000000000006,-0.034000000000006,10.0,0,Ferrari,24.48101265822785,30.14050632911392,False,5.0,7.8,6.6,8.0,10.0
2024,Dutch Grand Prix,PER,74.279,71.581,1.9569999999999936,0.8790000000000049,2.6979999999999933,5.0,0,Red Bull Racing,24.48101265822785,30.14050632911392,False,6.0,11.6,5.0,4.5,2.75
2024,Dutch Grand Prix,RUS,73.142,70.702,0.8199999999999932,0.0,2.4399999999999977,4.0,0,Mercedes,24.48101265822785,30.14050632911392,False,7.0,10.8,10.2,9.5,7.25
2024,Dutch Grand Prix,HAM,73.006,70.813,0.6839999999999975,0.1110000000000042,2.192999999999998,11.0,0,Mercedes,24.48101265822785,30.14050632911392,False,8.0,2.4,10.2,5.0,7.25
2024,Dutch Grand Prix,GAS,82.036,71.644,9.714,0.9420000000000072,10.391999999999996,9.0,0,Alpine,24.48101265822785,30.14050632911392,False,9.0,12.2,15.2,7.0,7.0
2024,Dutch Grand Prix,ALO,74.467,71.357,2.144999999999996,0.6550000000000011,3.1099999999999994,7.0,0,Aston Martin,24.48101265822785,30.14050632911392,False,10.0,9.0,9.6,4.0,9.25
2024,Dutch Grand Prix,HUL,73.563,73.296,1.2409999999999997,2.5940000000000083,0.2669999999999959,13.0,0,Haas F1 Team,24.48101265822785,30.14050632911392,False,11.0,13.0,14.0,12.0,14.0
2024,Dutch Grand Prix,RIC,76.231,71.63,3.908999999999992,0.9279999999999972,4.600999999999999,15.0,0,RB,24.48101265822785,30.14050632911392,False,12.0,11.6,12.0,17.0,
2024,Dutch Grand Prix,STR,74.151,71.576,1.8289999999999933,0.8739999999999952,2.575000000000003,8.0,0,Aston Martin,24.48101265822785,30.14050632911392,False,13.0,9.8,9.6,10.5,9.25
2024,Dutch Grand Prix,ALB,73.159,71.55,0.8370000000000033,0.847999999999999,1.6090000000000089,10.0,0,Williams,24.48101265822785,30.14050632911392,False,14.0,14.0,13.8,10.0,14.5
2024,Dutch Grand Prix,OCO,75.796,72.061,3.474000000000004,1.3590000000000089,3.735,16.0,0,Alpine,24.48101265822785,30.14050632911392,False,15.0,14.0,15.2,9.5,7.0
2024,Dutch Grand Prix,SAR,75.605,71.818,3.2830000000000013,1.1159999999999997,3.787000000000006,20.0,0,Williams,24.48101265822785,30.14050632911392,False,16.0,17.8,13.8,20.0,14.5
2024,Dutch Grand Prix,TSU,74.418,71.374,2.096000000000004,0.671999999999997,3.044000000000011,12.0,0,RB,24.48101265822785,30.14050632911392,False,17.0,13.6,12.0,17.5,
2024,Dutch Grand Prix,MAG,73.597,71.43,1.2749999999999917,0.7280000000000086,2.1669999999999874,14.0,0,Haas F1 Team,24.48101265822785,30.14050632911392,False,18.0,15.6,14.0,15.5,14.0
2024,Dutch Grand Prix,ZHO,73.965,71.934,1.643000000000001,1.231999999999999,2.031000000000006,18.0,0,Kick Sauber,24.48101265822785,30.14050632911392,False,20.0,16.8,17.4,17.0,
2024,Italian Grand Prix,LEC,81.904,80.892,0.2279999999999944,0.1539999999999963,1.0120000000000005,4.0,0,Ferrari,33.44556962025317,48.73037974683544,False,1.0,5.8,4.6,3.0,3.25
2024,Italian Grand Prix,PIA,82.199,80.858,0.5229999999999961,0.1200000000000045,1.340999999999994,2.0,0,McLaren,33.44556962025317,48.73037974683544,False,2.0,3.6,2.8,12.0,11.0
2024,Italian Grand Prix,NOR,81.917,80.741,0.2409999999999996,0.0030000000000001,1.176000000000002,1.0,0,McLaren,33.44556962025317,48.73037974683544,False,3.0,2.6,2.8,7.5,11.0
2024,Italian Grand Prix,SAI,82.126,80.841,0.4500000000000028,0.1029999999999944,1.2850000000000108,5.0,0,Ferrari,33.44556962025317,48.73037974683544,False,4.0,5.6,4.6,3.5,3.25
2024,Italian Grand Prix,HAM,82.214,80.738,0.5379999999999967,0.0,1.475999999999999,6.0,0,Mercedes,33.44556962025317,48.73037974683544,False,5.0,3.2,8.8,5.5,4.75
2024,Italian Grand Prix,VER,81.676,81.61,0.0,0.8719999999999999,0.0660000000000025,7.0,0,Red Bull Racing,33.44556962025317,48.73037974683544,False,6.0,2.8,5.2,1.0,2.5
2024,Italian Grand Prix,PER,82.311,81.678,0.6350000000000051,0.9399999999999976,0.6330000000000098,8.0,0,Red Bull Racing,33.44556962025317,48.73037974683544,False,8.0,9.2,5.2,4.0,2.5
2024,Italian Grand Prix,ALB,82.22,81.592,0.5439999999999969,0.8539999999999992,0.6280000000000001,9.0,0,Williams,33.44556962025317,48.73037974683544,False,9.0,13.4,15.2,7.0,11.666666666666666
2024,Italian Grand Prix,MAG,82.572,81.499,0.8960000000000008,0.7609999999999957,1.0730000000000075,13.0,0,Haas F1 Team,33.44556962025317,48.73037974683544,False,10.0,15.2,15.2,17.0,17.0
2024,Italian Grand Prix,ALO,82.315,81.316,0.6389999999999958,0.578000000000003,0.9989999999999952,11.0,0,Aston Martin,33.44556962025317,48.73037974683544,False,11.0,9.8,10.6,14.0,13.5
2024,Italian Grand Prix,COL,82.88,81.784,1.2039999999999935,1.0460000000000065,1.0959999999999894,18.0,0,Williams,33.44556962025317,48.73037974683544,False,12.0,,15.2,,11.666666666666666
2024,Italian Grand Prix,RIC,82.605,81.3,0.929000000000002,0.5619999999999976,1.3050000000000068,12.0,0,RB,33.44556962025317,48.73037974683544,False,13.0,12.4,13.4,17.0,
2024,Italian Grand Prix,OCO,82.88,81.867,1.2039999999999935,1.1290000000000049,1.012999999999991,15.0,0,Alpine,33.44556962025317,48.73037974683544,False,14.0,13.6,13.2,15.0,16.0
2024,Italian Grand Prix,GAS,82.763,81.819,1.0870000000000033,1.081000000000003,0.9440000000000026,14.0,0,Alpine,33.44556962025317,48.73037974683544,False,15.0,12.0,13.2,11.5,16.0
2024,Italian Grand Prix,BOT,82.127,81.461,0.4509999999999934,0.722999999999999,0.6659999999999968,19.0,0,Kick Sauber,33.44556962025317,48.73037974683544,False,16.0,15.0,17.8,11.5,
2024,Italian Grand Prix,HUL,83.157,81.14,1.4809999999999943,0.402000000000001,2.016999999999996,10.0,0,Haas F1 Team,33.44556962025317,48.73037974683544,False,17.0,13.0,15.2,17.0,17.0
2024,Italian Grand Prix,ZHO,82.854,82.223,1.1779999999999973,1.4849999999999994,0.6310000000000002,20.0,0,Kick Sauber,33.44556962025317,48.73037974683544,False,18.0,17.8,17.8,12.0,
2024,Italian Grand Prix,STR,82.864,81.363,1.1880000000000024,0.625,1.5010000000000048,17.0,0,Aston Martin,33.44556962025317,48.73037974683544,False,19.0,11.0,10.6,18.0,13.5
2024,Italian Grand Prix,TSU,82.714,81.735,1.0379999999999967,0.997,0.9789999999999992,16.0,0,RB,33.44556962025317,48.73037974683544,False,20.0,14.2,13.4,17.0,
2024,Azerbaijan Grand Prix,PIA,106.282,103.983,0.73599999999999,0.4990000000000094,2.2989999999999924,2.0,0,McLaren,27.02435897435897,36.74871794871795,False,1.0,2.6,3.0,,8.5
2024,Azerbaijan Grand Prix,LEC,106.608,103.484,1.0619999999999976,0.0,3.124000000000009,1.0,0,Ferrari,27.02435897435897,36.74871794871795,False,2.0,5.0,3.8,19.0,19.5
2024,Azerbaijan Grand Prix,RUS,106.516,104.536,0.9699999999999988,1.0520000000000067,1.980000000000004,5.0,0,Mercedes,27.02435897435897,36.74871794871795,False,3.0,11.6,8.2,3.0,3.5
2024,Azerbaijan Grand Prix,NOR,106.027,105.156,0.4809999999999945,1.6720000000000113,0.8709999999999951,16.0,0,McLaren,27.02435897435897,36.74871794871795,False,4.0,2.8,3.0,9.0,8.5
2024,Azerbaijan Grand Prix,VER,105.546,104.029,0.0,0.5450000000000017,1.51700000000001,6.0,0,Red Bull Racing,27.02435897435897,36.74871794871795,False,5.0,3.8,5.8,1.0,1.5
2024,Azerbaijan Grand Prix,ALO,106.452,104.683,0.9059999999999916,1.1990000000000125,1.7689999999999912,8.0,0,Aston Martin,27.02435897435897,36.74871794871795,False,6.0,9.6,12.8,7.0,11.0
2024,Azerbaijan Grand Prix,ALB,107.955,104.737,2.408999999999992,1.253,3.2180000000000035,10.0,0,Williams,27.02435897435897,36.74871794871795,False,7.0,11.6,13.6,12.0,13.5
2024,Azerbaijan Grand Prix,COL,107.901,104.749,2.3549999999999898,1.2650000000000006,3.152000000000001,9.0,0,Williams,27.02435897435897,36.74871794871795,False,8.0,12.0,13.6,,13.5
2024,Azerbaijan Grand Prix,HAM,105.859,103.55,0.3129999999999882,0.0660000000000025,2.308999999999997,7.0,0,Mercedes,27.02435897435897,36.74871794871795,False,9.0,3.6,8.2,4.0,3.5
2024,Azerbaijan Grand Prix,BEA,106.973,104.547,1.4269999999999925,1.0630000000000024,2.426000000000002,11.0,0,Haas F1 Team,27.02435897435897,36.74871794871795,False,10.0,,14.8,,15.5
2024,Azerbaijan Grand Prix,HUL,107.135,104.475,1.5889999999999986,0.9909999999999995,2.660000000000011,13.0,0,Haas F1 Team,27.02435897435897,36.74871794871795,False,11.0,12.6,14.8,,15.5
2024,Azerbaijan Grand Prix,GAS,108.712,105.391,3.165999999999997,1.907000000000011,3.320999999999998,15.0,0,Alpine,27.02435897435897,36.74871794871795,False,12.0,13.2,13.2,5.0,8.5
2024,Azerbaijan Grand Prix,RIC,106.687,105.056,1.1409999999999911,1.5720000000000027,1.6310000000000002,15.0,0,RB,27.02435897435897,36.74871794871795,False,13.0,12.0,15.6,8.0,
2024,Azerbaijan Grand Prix,ZHO,109.052,105.947,3.506,2.463000000000008,3.105000000000004,18.0,0,Kick Sauber,27.02435897435897,36.74871794871795,False,14.0,18.8,17.6,18.0,
2024,Azerbaijan Grand Prix,OCO,,105.81,,2.326000000000008,,19.0,0,Alpine,27.02435897435897,36.74871794871795,False,15.0,14.4,13.2,10.0,8.5
2024,Azerbaijan Grand Prix,BOT,107.64,104.785,2.093999999999994,1.301000000000002,2.855000000000004,17.0,0,Kick Sauber,27.02435897435897,36.74871794871795,False,16.0,15.6,17.6,11.0,
2024,Azerbaijan Grand Prix,PER,105.922,103.49,0.3759999999999905,0.0060000000000002,2.432000000000002,4.0,0,Red Bull Racing,27.02435897435897,36.74871794871795,False,17.0,7.2,5.8,2.0,1.5
2024,Azerbaijan Grand Prix,SAI,106.173,103.95,0.6269999999999953,0.4660000000000082,2.222999999999999,3.0,0,Ferrari,27.02435897435897,36.74871794871795,False,18.0,5.2,3.8,20.0,19.5
2024,Azerbaijan Grand Prix,STR,107.184,104.093,1.637999999999991,0.6090000000000089,3.090999999999994,14.0,0,Aston Martin,27.02435897435897,36.74871794871795,False,19.0,12.0,12.8,16.0,11.0
2024,Azerbaijan Grand Prix,TSU,107.708,104.645,2.161999999999992,1.1610000000000014,3.0630000000000024,12.0,0,RB,27.02435897435897,36.74871794871795,False,20.0,14.4,15.6,13.0,
2024,Singapore Grand Prix,NOR,91.839,90.727,0.0759999999999934,0.0,1.1119999999999948,1.0,0,McLaren,29.43333333333332,31.96344086021505,False,1.0,3.0,2.8,3.0,4.5
2024,Singapore Grand Prix,VER,92.097,92.021,0.333999999999989,1.293999999999997,0.0759999999999934,2.0,0,Red Bull Racing,29.43333333333332,31.96344086021505,False,2.0,4.4,8.4,6.0,5.25
2024,Singapore Grand Prix,PIA,92.369,91.474,0.6059999999999945,0.7469999999999999,0.894999999999996,5.0,0,McLaren,29.43333333333332,31.96344086021505,False,3.0,2.0,2.8,7.0,4.5
2024,Singapore Grand Prix,RUS,93.334,91.488,1.570999999999998,0.7609999999999957,1.846000000000004,4.0,0,Mercedes,29.43333333333332,31.96344086021505,False,4.0,11.4,6.4,15.0,10.5
2024,Singapore Grand Prix,LEC,91.763,90.785,0.0,0.0579999999999927,0.9780000000000086,9.0,0,Ferrari,29.43333333333332,31.96344086021505,False,5.0,2.6,6.0,3.0,2.5
2024,Singapore Grand Prix,HAM,92.679,91.709,0.9159999999999968,0.9819999999999992,0.9699999999999988,3.0,0,Mercedes,29.43333333333332,31.96344086021505,False,6.0,5.2,6.4,6.0,10.5
2024,Singapore Grand Prix,SAI,91.952,91.356,0.1889999999999929,0.6289999999999907,0.5960000000000036,10.0,0,Ferrari,29.43333333333332,31.96344086021505,False,7.0,7.8,6.0,2.0,2.5
2024,Singapore Grand Prix,ALO,92.61,91.75,0.8469999999999942,1.022999999999996,0.8599999999999994,7.0,0,Aston Martin,29.43333333333332,31.96344086021505,False,8.0,9.2,13.6,16.5,
2024,Singapore Grand Prix,HUL,93.797,91.667,2.033999999999992,0.9399999999999976,2.1299999999999955,6.0,0,Haas F1 Team,29.43333333333332,31.96344086021505,False,9.0,12.6,13.2,13.0,12.0
2024,Singapore Grand Prix,PER,92.767,91.598,1.003999999999991,0.8709999999999951,1.168999999999997,13.0,0,Red Bull Racing,29.43333333333332,31.96344086021505,False,10.0,9.0,8.4,4.5,5.25
2024,Singapore Grand Prix,COL,92.618,92.057,0.8549999999999898,1.3299999999999983,0.5609999999999928,12.0,0,Williams,29.43333333333332,31.96344086021505,False,11.0,10.0,10.4,,15.25
2024,Singapore Grand Prix,TSU,92.263,91.468,0.5,0.7409999999999997,0.7950000000000017,8.0,0,RB,29.43333333333332,31.96344086021505,False,12.0,16.4,16.6,17.0,
2024,Singapore Grand Prix,OCO,92.615,92.119,0.8519999999999897,1.391999999999996,0.4959999999999951,15.0,0,Alpine,29.43333333333332,31.96344086021505,False,13.0,14.2,14.2,17.0,14.5
2024,Singapore Grand Prix,STR,92.778,91.957,1.0150000000000006,1.2299999999999898,0.8210000000000122,17.0,0,Aston Martin,29.43333333333332,31.96344086021505,False,14.0,14.4,13.6,,
2024,Singapore Grand Prix,ZHO,93.585,92.359,1.8219999999999883,1.6319999999999908,1.225999999999999,20.0,0,Kick Sauber,29.43333333333332,31.96344086021505,False,15.0,18.0,16.8,16.0,
2024,Singapore Grand Prix,BOT,93.485,92.786,1.7219999999999942,2.058999999999997,0.6989999999999981,19.0,0,Kick Sauber,29.43333333333332,31.96344086021505,False,16.0,15.6,16.8,14.0,
2024,Singapore Grand Prix,GAS,92.694,92.222,0.9309999999999974,1.4949999999999903,0.4720000000000084,18.0,0,Alpine,29.43333333333332,31.96344086021505,False,17.0,13.8,14.2,8.0,14.5
2024,Singapore Grand Prix,RIC,92.375,91.478,0.6119999999999948,0.7509999999999906,0.8970000000000056,16.0,0,RB,29.43333333333332,31.96344086021505,False,18.0,12.0,16.6,5.0,
2024,Singapore Grand Prix,MAG,93.377,91.793,1.61399999999999,1.0660000000000025,1.583999999999989,14.0,0,Haas F1 Team,29.43333333333332,31.96344086021505,False,19.0,14.8,13.2,11.0,12.0
2024,Singapore Grand Prix,ALB,92.451,91.65,0.6879999999999882,0.9230000000000018,0.8009999999999877,11.0,0,Williams,29.43333333333332,31.96344086021505,False,20.0,11.2,10.4,14.0,15.25
2024,Mexico City Grand Prix,SAI,78.315,77.699,0.316999999999993,0.0,0.6159999999999997,1.0,0,Ferrari,21.96296296296296,39.41234567901235,False,1.0,8.0,7.2,4.5,4.5
2024,Mexico City Grand Prix,RUS,77.998,79.041,0.0,1.3419999999999987,-1.0429999999999922,5.0,0,Mercedes,21.96296296296296,39.41234567901235,False,5.0,8.4,5.4,,2.0
2024,Mexico City Grand Prix,VER,78.839,88.234,0.840999999999994,10.534999999999997,-9.394999999999996,2.0,0,Red Bull Racing,21.96296296296296,39.41234567901235,False,6.0,3.8,8.4,1.0,6.25
2024,Mexico City Grand Prix,MAG,79.335,78.239,1.336999999999989,0.5400000000000063,1.0959999999999894,7.0,0,Haas F1 Team,21.96296296296296,39.41234567901235,False,7.0,15.2,13.2,,14.5
2024,Mexico City Grand Prix,PIA,78.958,77.877,0.9599999999999936,0.1779999999999972,1.081000000000003,17.0,0,McLaren,21.96296296296296,39.41234567901235,False,8.0,2.4,2.4,8.0,7.25
2024,Mexico City Grand Prix,HUL,78.904,78.621,0.9059999999999916,0.921999999999997,0.2830000000000012,10.0,0,Haas F1 Team,21.96296296296296,39.41234567901235,False,9.0,13.2,13.2,13.0,14.5
2024,Mexico City Grand Prix,GAS,79.34,78.942,1.3419999999999987,1.242999999999995,0.3980000000000103,8.0,0,Alpine,21.96296296296296,39.41234567901235,False,10.0,13.2,14.4,11.0,14.5
2024,Mexico City Grand Prix,STR,79.6,78.89,1.6019999999999897,1.1910000000000025,0.7099999999999937,14.0,0,Aston Martin,21.96296296296296,39.41234567901235,False,11.0,15.2,13.2,16.0,16.0
2024,Mexico City Grand Prix,COL,79.109,78.908,1.11099999999999,1.2090000000000032,0.2009999999999934,16.0,0,Williams,21.96296296296296,39.41234567901235,False,12.0,10.333333333333334,11.6,,14.333333333333334
2024,Mexico City Grand Prix,OCO,78.996,78.656,0.9979999999999905,0.9570000000000078,0.3399999999999892,19.0,0,Alpine,21.96296296296296,39.41234567901235,False,13.0,13.2,14.4,10.0,14.5
2024,Mexico City Grand Prix,BOT,79.048,78.351,1.0499999999999972,0.652000000000001,0.6970000000000027,15.0,0,Kick Sauber,21.96296296296296,39.41234567901235,False,14.0,15.8,15.8,10.0,
2024,Mexico City Grand Prix,LAW,79.093,78.56,1.0949999999999989,0.8610000000000042,0.5330000000000013,12.0,0,RB,21.96296296296296,39.41234567901235,False,16.0,10.333333333333334,16.6,,
2024,Mexico City Grand Prix,PER,79.094,78.392,1.0959999999999894,0.6929999999999978,0.7019999999999982,18.0,0,Red Bull Racing,21.96296296296296,39.41234567901235,False,17.0,9.6,8.4,11.5,6.25
2024,Mexico City Grand Prix,TSU,78.699,77.878,0.7009999999999934,0.179000000000002,0.820999999999998,11.0,0,RB,21.96296296296296,39.41234567901235,False,20.0,17.0,16.6,,
2024,Las Vegas Grand Prix,RUS,95.397,94.015,0.3960000000000008,0.1899999999999977,1.382000000000005,1.0,0,Mercedes,11.834693877551018,14.06530612244898,False,1.0,7.8,5.4,8.0,7.5
2024,Las Vegas Grand Prix,HAM,95.001,93.825,0.0,0.0,1.176000000000002,10.0,0,Mercedes,11.834693877551018,14.06530612244898,False,2.0,5.8,5.4,7.0,7.5
2024,Las Vegas Grand Prix,SAI,96.218,94.105,1.2169999999999987,0.2800000000000011,2.1129999999999995,2.0,0,Ferrari,11.834693877551018,14.06530612244898,False,3.0,7.0,6.6,6.0,4.0
2024,Las Vegas Grand Prix,LEC,96.007,94.313,1.0060000000000002,0.4879999999999995,1.6940000000000026,4.0,0,Ferrari,11.834693877551018,14.06530612244898,False,4.0,2.8,6.6,2.0,4.0
2024,Las Vegas Grand Prix,VER,96.038,95.834,1.036999999999992,2.0090000000000003,0.2039999999999935,5.0,0,Red Bull Racing,11.834693877551018,14.06530612244898,False,5.0,4.2,10.4,1.0,2.0
2024,Las Vegas Grand Prix,NOR,95.954,93.836,0.9529999999999887,0.0109999999999956,2.117999999999995,6.0,0,McLaren,11.834693877551018,14.06530612244898,False,6.0,2.8,3.4,20.0,15.0
2024,Las Vegas Grand Prix,PIA,96.451,94.798,1.4499999999999886,0.972999999999999,1.6529999999999916,8.0,0,McLaren,11.834693877551018,14.06530612244898,False,7.0,3.6,3.4,10.0,15.0
2024,Las Vegas Grand Prix,HUL,97.2,94.818,2.198999999999998,0.992999999999995,2.382000000000005,9.0,0,Haas F1 Team,11.834693877551018,14.06530612244898,False,8.0,11.4,11.0,19.0,16.0
2024,Las Vegas Grand Prix,TSU,98.574,94.997,3.5729999999999933,1.171999999999997,3.576999999999998,7.0,0,RB,11.834693877551018,14.06530612244898,False,9.0,17.8,17.2,18.0,
2024,Las Vegas Grand Prix,PER,96.536,96.055,1.5349999999999966,2.230000000000004,0.4809999999999945,16.0,0,Red Bull Racing,11.834693877551018,14.06530612244898,False,10.0,11.6,10.4,3.0,2.0
2024,Las Vegas Grand Prix,ALO,96.262,95.44,1.2609999999999957,1.6149999999999949,0.8220000000000027,17.0,0,Aston Martin,11.834693877551018,14.06530612244898,False,11.0,8.6,11.6,9.0,7.0
2024,Las Vegas Grand Prix,MAG,96.811,94.686,1.8100000000000025,0.8610000000000042,2.125,12.0,0,Haas F1 Team,11.834693877551018,14.06530612244898,False,12.0,13.6,11.0,13.0,16.0
2024,Las Vegas Grand Prix,ZHO,98.35,95.765,3.348999999999989,1.9399999999999973,2.5849999999999937,13.0,0,Kick Sauber,11.834693877551018,14.06530612244898,False,13.0,17.2,15.0,15.0,
2024,Las Vegas Grand Prix,COL,98.025,95.868,3.024000000000001,2.042999999999992,2.1570000000000107,14.0,0,Williams,11.834693877551018,14.06530612244898,False,14.0,10.75,11.6,,12.0
2024,Las Vegas Grand Prix,STR,96.817,95.251,1.8159999999999883,1.426000000000002,1.5659999999999883,20.0,0,Aston Martin,11.834693877551018,14.06530612244898,False,15.0,15.2,11.6,5.0,7.0
2024,Las Vegas Grand Prix,LAW,98.73,95.671,3.728999999999999,1.846000000000004,3.058999999999997,15.0,0,RB,11.834693877551018,14.06530612244898,False,16.0,11.75,17.2,,
2024,Las Vegas Grand Prix,OCO,97.152,95.221,2.150999999999996,1.3960000000000008,1.9309999999999967,11.0,0,Alpine,11.834693877551018,14.06530612244898,False,17.0,14.0,13.6,4.0,7.5
2024,Las Vegas Grand Prix,BOT,97.765,95.02,2.763999999999996,1.1949999999999932,2.7450000000000045,19.0,0,Kick Sauber,11.834693877551018,14.06530612244898,False,18.0,15.4,15.0,17.0,
2024,Las Vegas Grand Prix,ALB,96.948,99.629,1.9469999999999883,5.804000000000002,-2.681000000000012,18.0,0,Williams,11.834693877551018,14.06530612244898,False,19.0,12.4,11.6,12.0,12.0
2024,Las Vegas Grand Prix,GAS,96.478,94.651,1.4769999999999897,0.8259999999999934,1.8269999999999984,3.0,0,Alpine,11.834693877551018,14.06530612244898,False,20.0,12.6,13.6,11.0,7.5
2024,Abu Dhabi Grand Prix,NOR,84.542,83.517,0.2210000000000036,0.0,1.0250000000000057,1.0,0,McLaren,25.811111111111103,29.67283950617285,False,1.0,3.0,5.0,,7.5
2024,Abu Dhabi Grand Prix,LEC,84.321,84.201,0.0,0.6839999999999975,0.1200000000000045,14.0,0,Ferrari,25.811111111111103,29.67283950617285,False,3.0,3.0,4.0,2.0,10.0
2024,Abu Dhabi Grand Prix,HAM,84.806,84.119,0.4849999999999994,0.6020000000000039,0.6869999999999976,18.0,0,Mercedes,25.811111111111103,29.67283950617285,False,4.0,6.0,3.6,18.0,8.666666666666666
2024,Abu Dhabi Grand Prix,RUS,85.165,84.534,0.8440000000000083,1.01700000000001,0.6310000000000002,7.0,0,Mercedes,25.811111111111103,29.67283950617285,False,5.0,4.0,3.6,4.0,8.666666666666666
2024,Abu Dhabi Grand Prix,GAS,85.333,84.517,1.0120000000000005,1.0,0.8160000000000025,6.0,0,Alpine,25.811111111111103,29.67283950617285,False,7.0,14.8,15.4,13.5,10.0
2024,Abu Dhabi Grand Prix,HUL,85.373,83.979,1.0520000000000067,0.4620000000000033,1.3940000000000057,4.0,0,Haas F1 Team,25.811111111111103,29.67283950617285,False,8.0,10.8,11.0,,18.5
2024,Abu Dhabi Grand Prix,ALO,85.504,84.574,1.183000000000007,1.0570000000000022,0.9300000000000068,8.0,0,Aston Martin,25.811111111111103,29.67283950617285,False,9.0,9.2,11.8,,10.0
2024,Abu Dhabi Grand Prix,ZHO,85.921,84.557,1.6000000000000083,1.0400000000000065,1.3640000000000043,17.0,0,Kick Sauber,25.811111111111103,29.67283950617285,False,13.0,16.0,15.2,,
2024,Abu Dhabi Grand Prix,DOO,86.304,84.961,1.983000000000004,1.4440000000000026,1.3430000000000035,20.0,0,Alpine,25.811111111111103,29.67283950617285,False,15.0,,15.4,,10.0
2024,Abu Dhabi Grand Prix,MAG,85.444,84.235,1.1230000000000049,0.7180000000000035,1.2090000000000032,15.0,0,Haas F1 Team,25.811111111111103,29.67283950617285,False,16.0,13.2,11.0,18.5,18.5
2024,Abu Dhabi Grand Prix,LAW,85.563,84.503,1.2420000000000044,0.9860000000000042,1.0600000000000025,12.0,0,RB,25.811111111111103,29.67283950617285,False,17.0,12.6,15.8,,
2024,Abu Dhabi Grand Prix,BOT,85.611,84.23,1.2900000000000065,0.7130000000000081,1.3810000000000002,9.0,0,Kick Sauber,25.811111111111103,29.67283950617285,False,18.0,16.0,15.2,17.0,
2024,Abu Dhabi Grand Prix,COL,85.382,85.265,1.061000000000007,1.7480000000000049,0.1170000000000044,19.0,0,Williams,25.811111111111103,29.67283950617285,False,19.0,11.4,15.2,,14.5
2024,Abu Dhabi Grand Prix,PER,85.483,84.555,1.162000000000006,1.038000000000011,0.9279999999999972,10.0,0,Red Bull Racing,25.811111111111103,29.67283950617285,False,20.0,12.4,9.6,3.0,3.0
2025,Australian Grand Prix,NOR,77.252,76.58,0.0,0.1410000000000053,0.671999999999997,1.0,0,McLaren,30.336,40.50133333333333,False,1.0,3.0,5.0,4.666666666666667,5.333333333333333
2025,Australian Grand Prix,VER,77.696,77.063,0.4440000000000026,0.6240000000000094,0.6329999999999956,3.0,0,Red Bull Racing,30.336,40.50133333333333,False,2.0,4.8,11.6,12.666666666666666,8.333333333333334
2025,Australian Grand Prix,RUS,77.716,77.282,0.4639999999999986,0.8430000000000035,0.4339999999999975,4.0,0,Mercedes,30.336,40.50133333333333,False,3.0,3.6,3.4,12.666666666666666,10.333333333333334
2025,Australian Grand Prix,ANT,78.39,77.634,1.1380000000000052,1.1950000000000074,0.7560000000000002,16.0,0,Mercedes,30.336,40.50133333333333,False,4.0,,3.4,,10.333333333333334
2025,Australian Grand Prix,ALB,77.713,77.302,0.4609999999999985,0.8630000000000138,0.4109999999999871,6.0,0,Williams,30.336,40.50133333333333,False,5.0,13.8,16.8,14.5,15.0
2025,Australian Grand Prix,STR,78.057,77.279,0.8050000000000068,0.8400000000000034,0.7780000000000058,13.0,0,Aston Martin,30.336,40.50133333333333,False,6.0,15.6,12.0,7.333333333333333,6.6
2025,Australian Grand Prix,HUL,78.586,77.161,1.3340000000000032,0.7220000000000084,1.4249999999999972,17.0,0,Kick Sauber,30.336,40.50133333333333,False,7.0,9.0,15.2,8.0,14.5
2025,Australian Grand Prix,LEC,77.461,76.439,0.2090000000000031,0.0,1.0220000000000056,7.0,0,Ferrari,30.336,40.50133333333333,False,8.0,3.0,3.6,7.666666666666667,9.333333333333334
2025,Australian Grand Prix,PIA,77.67,76.563,0.4180000000000063,0.1240000000000094,1.106999999999999,2.0,0,McLaren,30.336,40.50133333333333,False,9.0,4.2,5.0,6.0,5.333333333333333
2025,Australian Grand Prix,HAM,78.071,76.859,0.8190000000000026,0.4200000000000017,1.2120000000000033,8.0,0,Ferrari,30.336,40.50133333333333,False,10.0,5.2,3.6,8.0,9.333333333333334
2025,Australian Grand Prix,GAS,78.505,77.493,1.253,1.054000000000002,1.0120000000000005,9.0,0,Alpine,30.336,40.50133333333333,False,11.0,13.2,14.4,11.666666666666666,13.333333333333334
2025,Australian Grand Prix,TSU,78.061,76.784,0.8090000000000117,0.3450000000000131,1.277000000000001,5.0,0,Racing Bulls,30.336,40.50133333333333,False,12.0,16.2,,10.666666666666666,
2025,Australian Grand Prix,OCO,79.139,78.034,1.8870000000000005,1.595000000000013,1.1049999999999898,19.0,0,Haas F1 Team,30.336,40.50133333333333,False,13.0,14.4,10.6,12.333333333333334,11.666666666666666
2025,Australian Grand Prix,LAW,78.455,77.64,1.203000000000003,1.2010000000000076,0.8149999999999977,18.0,0,Red Bull Racing,30.336,40.50133333333333,False,15.0,13.8,11.6,,8.333333333333334
2025,Australian Grand Prix,BOR,78.438,77.847,1.186000000000007,1.4080000000000013,0.5910000000000082,15.0,0,Kick Sauber,30.336,40.50133333333333,False,16.0,,15.2,,14.5
2025,Australian Grand Prix,ALO,77.736,77.33,0.4840000000000088,0.8910000000000053,0.4060000000000059,12.0,0,Aston Martin,30.336,40.50133333333333,False,17.0,9.0,12.0,9.333333333333334,6.6
2025,Australian Grand Prix,SAI,77.401,77.302,0.1490000000000009,0.8630000000000138,0.0989999999999895,10.0,0,Williams,30.336,40.50133333333333,False,18.0,6.6,16.8,11.0,15.0
2025,Australian Grand Prix,DOO,78.232,77.394,0.980000000000004,0.9550000000000124,0.8379999999999939,14.0,0,Alpine,30.336,40.50133333333333,False,19.0,15.0,14.4,,13.333333333333334
2025,Australian Grand Prix,HAD,77.847,77.019,0.5949999999999989,0.5800000000000125,0.8279999999999887,11.0,0,Racing Bulls,30.336,40.50133333333333,False,20.0,,,,
2025,Japanese Grand Prix,VER,89.065,88.67,0.5159999999999911,0.5559999999999974,0.394999999999996,1.0,0,Red Bull Racing,14.69529411764706,32.14117647058824,False,1.0,4.0,10.4,1.0,5.75
2025,Japanese Grand Prix,NOR,88.549,88.163,0.0,0.0489999999999923,0.3860000000000099,2.0,0,McLaren,14.69529411764706,32.14117647058824,False,2.0,2.6,4.8,5.666666666666667,6.5
2025,Japanese Grand Prix,PIA,89.708,88.114,1.1589999999999918,0.0,1.593999999999994,3.0,0,McLaren,14.69529411764706,32.14117647058824,False,3.0,5.6,4.8,5.5,6.5
2025,Japanese Grand Prix,LEC,88.965,88.586,0.4159999999999968,0.4719999999999942,0.3790000000000049,4.0,0,Ferrari,14.69529411764706,32.14117647058824,False,4.0,4.4,5.6,3.6666666666666665,6.5
2025,Japanese Grand Prix,RUS,88.712,88.567,0.1629999999999967,0.4529999999999887,0.1450000000000102,5.0,0,Mercedes,14.69529411764706,32.14117647058824,False,5.0,3.6,3.6,7.5,6.8
2025,Japanese Grand Prix,ANT,89.284,89.733,0.7349999999999994,1.6189999999999998,-0.448999999999998,6.0,0,Mercedes,14.69529411764706,32.14117647058824,False,6.0,4.0,3.6,,6.8
2025,Japanese Grand Prix,HAM,89.051,88.544,0.5019999999999953,0.4299999999999926,0.507000000000005,8.0,0,Ferrari,14.69529411764706,32.14117647058824,False,7.0,6.2,5.6,6.333333333333333,6.5
2025,Japanese Grand Prix,HAD,89.225,88.518,0.6759999999999877,0.4039999999999963,0.7069999999999936,7.0,0,Racing Bulls,14.69529411764706,32.14117647058824,False,8.0,20.0,16.0,,
2025,Japanese Grand Prix,ALB,89.392,89.023,0.8429999999999893,0.9089999999999918,0.3689999999999998,9.0,0,Williams,14.69529411764706,32.14117647058824,False,9.0,12.0,15.0,18.666666666666668,16.4
2025,Japanese Grand Prix,BEA,90.077,89.654,1.5279999999999916,1.539999999999992,0.4230000000000018,10.0,0,Haas F1 Team,14.69529411764706,32.14117647058824,False,10.0,10.0,11.4,,13.4
2025,Japanese Grand Prix,ALO,89.222,89.978,0.6729999999999876,1.86399999999999,-0.7560000000000002,13.0,0,Aston Martin,14.69529411764706,32.14117647058824,False,11.0,10.2,11.6,7.5,11.0
2025,Japanese Grand Prix,TSU,89.172,90.625,0.6229999999999905,2.510999999999996,-1.453000000000003,15.0,0,Red Bull Racing,14.69529411764706,32.14117647058824,False,12.0,14.6,10.4,11.666666666666666,5.75
2025,Japanese Grand Prix,GAS,89.547,88.757,0.9979999999999905,0.6430000000000007,0.789999999999992,11.0,0,Alpine,14.69529411764706,32.14117647058824,False,13.0,13.0,14.4,14.0,9.0
2025,Japanese Grand Prix,SAI,89.333,88.832,0.7839999999999918,0.7179999999999893,0.5010000000000048,12.0,0,Williams,14.69529411764706,32.14117647058824,False,14.0,9.4,15.0,9.333333333333334,16.4
2025,Japanese Grand Prix,HUL,90.023,89.062,1.4739999999999895,0.9479999999999932,0.9609999999999984,16.0,0,Kick Sauber,14.69529411764706,32.14117647058824,False,16.0,8.2,14.4,12.5,16.0
2025,Japanese Grand Prix,LAW,89.536,88.559,0.9869999999999948,0.4449999999999932,0.977000000000004,14.0,0,Racing Bulls,14.69529411764706,32.14117647058824,False,17.0,15.0,16.0,11.0,
2025,Japanese Grand Prix,OCO,90.123,89.507,1.573999999999998,1.393000000000001,0.6159999999999997,18.0,0,Haas F1 Team,14.69529411764706,32.14117647058824,False,18.0,14.2,11.4,9.333333333333334,13.4
2025,Japanese Grand Prix,BOR,90.147,89.335,1.597999999999999,1.2209999999999894,0.8120000000000118,17.0,0,Kick Sauber,14.69529411764706,32.14117647058824,False,19.0,16.0,14.4,,16.0
2025,Japanese Grand Prix,STR,89.758,90.845,1.208999999999989,2.7309999999999945,-1.0870000000000033,20.0,0,Aston Martin,14.69529411764706,32.14117647058824,False,20.0,13.0,11.6,15.0,11.0
2025,Bahrain Grand Prix,PIA,94.508,90.505,1.304000000000002,0.0,4.003,1.0,0,McLaren,26.29655172413793,30.89425287356321,False,1.0,6.0,3.2,14.0,13.333333333333334
2025,Bahrain Grand Prix,NOR,93.204,90.659,0.0,0.1540000000000105,2.5449999999999875,6.0,0,McLaren,26.29655172413793,30.89425287356321,False,3.0,2.2,3.2,12.666666666666666,13.333333333333334
2025,Bahrain Grand Prix,HAM,93.8,91.576,0.5960000000000036,1.070999999999998,2.224000000000004,9.0,0,Ferrari,26.29655172413793,30.89425287356321,False,5.0,5.8,6.4,5.0,5.5
2025,Bahrain Grand Prix,GAS,93.442,91.947,0.2379999999999995,1.4420000000000073,1.4949999999999903,5.0,0,Alpine,26.29655172413793,30.89425287356321,False,7.0,12.2,13.0,15.666666666666666,13.0
2025,Bahrain Grand Prix,OCO,94.184,91.87,0.980000000000004,1.365000000000009,2.313999999999993,14.0,0,Haas F1 Team,26.29655172413793,30.89425287356321,False,8.0,14.8,13.0,14.0,12.0
2025,Bahrain Grand Prix,TSU,94.484,92.024,1.2800000000000011,1.5190000000000057,2.4599999999999937,10.0,0,Red Bull Racing,26.29655172413793,30.89425287356321,False,9.0,13.0,10.0,11.0,7.166666666666667
2025,Bahrain Grand Prix,ANT,98.051,91.227,4.847000000000008,0.7220000000000084,6.823999999999998,4.0,0,Mercedes,26.29655172413793,30.89425287356321,False,11.0,5.0,4.6,,5.166666666666667
2025,Bahrain Grand Prix,ALB,93.928,91.696,0.7240000000000038,1.1910000000000025,2.2319999999999998,15.0,0,Williams,26.29655172413793,30.89425287356321,False,12.0,12.0,13.0,12.666666666666666,14.333333333333334
2025,Bahrain Grand Prix,HAD,94.667,91.238,1.463000000000008,0.7330000000000041,3.429000000000002,12.0,0,Racing Bulls,26.29655172413793,30.89425287356321,False,13.0,14.0,14.25,,
2025,Bahrain Grand Prix,DOO,94.396,91.788,1.1920000000000073,1.2830000000000013,2.608000000000004,11.0,0,Alpine,26.29655172413793,30.89425287356321,False,14.0,17.0,13.0,,13.0
2025,Bahrain Grand Prix,LAW,94.397,91.706,1.193000000000012,1.2010000000000076,2.6910000000000025,17.0,0,Racing Bulls,26.29655172413793,30.89425287356321,False,16.0,16.2,14.25,,
2025,Bahrain Grand Prix,STR,95.116,92.382,1.912000000000006,1.877000000000009,2.7339999999999947,19.0,0,Aston Martin,26.29655172413793,30.89425287356321,False,17.0,13.2,12.6,9.333333333333334,9.5
2025,Bahrain Grand Prix,BOR,94.628,91.772,1.4240000000000066,1.26700000000001,2.8559999999999945,18.0,0,Kick Sauber,26.29655172413793,30.89425287356321,False,18.0,17.5,15.2,,15.0
2025,Bahrain Grand Prix,HUL,94.262,92.496,1.058000000000007,1.991,1.7660000000000051,16.0,0,Kick Sauber,26.29655172413793,30.89425287356321,False,20.0,9.6,15.2,16.0,15.0
2025,Saudi Arabian Grand Prix,PIA,89.341,88.43,0.1019999999999896,0.1630000000000109,0.9109999999999872,2.0,0,McLaren,29.57558139534884,37.22558139534884,False,1.0,5.6,3.6,9.5,11.333333333333334
2025,Saudi Arabian Grand Prix,VER,89.818,88.547,0.5789999999999935,0.2800000000000011,1.2710000000000008,1.0,0,Red Bull Racing,29.57558139534884,37.22558139534884,False,2.0,3.2,7.8,1.3333333333333333,1.8333333333333333
2025,Saudi Arabian Grand Prix,LEC,89.309,88.749,0.0699999999999931,0.4819999999999993,0.5600000000000023,4.0,0,Ferrari,29.57558139534884,37.22558139534884,False,3.0,4.8,6.8,4.0,4.2
2025,Saudi Arabian Grand Prix,NOR,89.246,88.267,0.0069999999999907,0.0,0.9789999999999992,10.0,0,McLaren,29.57558139534884,37.22558139534884,False,4.0,2.6,3.6,10.666666666666666,11.333333333333334
2025,Saudi Arabian Grand Prix,RUS,89.618,88.973,0.3789999999999907,0.7060000000000031,0.644999999999996,3.0,0,Mercedes,29.57558139534884,37.22558139534884,False,5.0,3.8,5.8,5.0,6.5
2025,Saudi Arabian Grand Prix,ANT,89.934,89.242,0.6949999999999932,0.9750000000000084,0.6919999999999931,5.0,0,Mercedes,29.57558139534884,37.22558139534884,False,6.0,7.0,5.8,,6.5
2025,Saudi Arabian Grand Prix,HAM,89.815,89.371,0.5759999999999934,1.1039999999999992,0.4440000000000026,7.0,0,Ferrari,29.57558139534884,37.22558139534884,False,7.0,5.6,6.8,8.0,4.2
2025,Saudi Arabian Grand Prix,SAI,89.779,88.942,0.539999999999992,0.6749999999999972,0.8370000000000033,6.0,0,Williams,29.57558139534884,37.22558139534884,False,8.0,8.6,11.6,4.5,15.333333333333334
2025,Saudi Arabian Grand Prix,ALB,89.606,89.22,0.3669999999999902,0.953000000000003,0.3859999999999957,11.0,0,Williams,29.57558139534884,37.22558139534884,False,9.0,13.0,11.6,14.666666666666666,15.333333333333334
2025,Saudi Arabian Grand Prix,HAD,90.011,89.306,0.7719999999999914,1.0390000000000017,0.7049999999999983,14.0,0,Racing Bulls,29.57558139534884,37.22558139534884,False,10.0,13.666666666666666,14.8,,
2025,Saudi Arabian Grand Prix,ALO,89.976,89.662,0.7369999999999948,1.3950000000000102,0.3139999999999929,13.0,0,Aston Martin,29.57558139534884,37.22558139534884,False,11.0,11.2,14.2,8.0,12.0
2025,Saudi Arabian Grand Prix,LAW,89.907,89.488,0.6679999999999922,1.2210000000000036,0.4189999999999969,12.0,0,Racing Bulls,29.57558139534884,37.22558139534884,False,12.0,16.2,14.8,,
2025,Saudi Arabian Grand Prix,BEA,90.595,89.754,1.3559999999999943,1.487000000000009,0.840999999999994,15.0,0,Haas F1 Team,29.57558139534884,37.22558139534884,False,13.0,10.0,13.0,,
2025,Saudi Arabian Grand Prix,OCO,91.029,90.019,1.789999999999992,1.7520000000000095,1.009999999999991,19.0,0,Haas F1 Team,29.57558139534884,37.22558139534884,False,14.0,13.8,13.0,9.0,
2025,Saudi Arabian Grand Prix,HUL,89.916,89.193,0.6769999999999925,0.926000000000002,0.722999999999999,18.0,0,Kick Sauber,29.57558139534884,37.22558139534884,False,15.0,11.8,17.8,11.333333333333334,17.5
2025,Saudi Arabian Grand Prix,STR,90.583,90.007,1.343999999999994,1.740000000000009,0.5759999999999934,16.0,0,Aston Martin,29.57558139534884,37.22558139534884,False,16.0,13.8,14.2,17.333333333333332,12.0
2025,Saudi Arabian Grand Prix,DOO,90.183,89.912,0.9440000000000026,1.6450000000000102,0.2710000000000008,17.0,0,Alpine,29.57558139534884,37.22558139534884,False,17.0,16.0,12.8,,12.0
2025,Saudi Arabian Grand Prix,TSU,89.821,88.963,0.5819999999999936,0.695999999999998,0.8580000000000041,8.0,0,Red Bull Racing,29.57558139534884,37.22558139534884,False,19.0,12.4,7.8,15.0,1.8333333333333333
2025,Saudi Arabian Grand Prix,GAS,89.239,89.106,0.0,0.8389999999999986,0.1330000000000097,9.0,0,Alpine,29.57558139534884,37.22558139534884,False,20.0,11.6,12.8,12.333333333333334,12.0
2025,Emilia Romagna Grand Prix,VER,76.905,75.735,0.3599999999999994,0.441999999999993,1.1700000000000017,2.0,0,Red Bull Racing,22.80090909090909,39.41636363636363,False,1.0,3.2,8.6,1.0,3.0
2025,Emilia Romagna Grand Prix,NOR,76.577,75.318,0.0319999999999964,0.0249999999999914,1.2590000000000003,4.0,0,McLaren,22.80090909090909,39.41636363636363,False,2.0,2.2,2.4,2.5,3.0
2025,Emilia Romagna Grand Prix,PIA,76.545,75.293,0.0,0.0,1.2519999999999951,1.0,0,McLaren,22.80090909090909,39.41636363636363,False,3.0,4.2,2.4,4.0,3.0
2025,Emilia Romagna Grand Prix,HAM,76.641,75.943,0.0960000000000036,0.6499999999999915,0.6980000000000075,12.0,0,Ferrari,22.80090909090909,39.41636363636363,False,4.0,6.6,5.2,9.5,8.5
2025,Emilia Romagna Grand Prix,ALB,76.922,75.916,0.3769999999999953,0.6229999999999905,1.0060000000000002,7.0,0,Williams,22.80090909090909,39.41636363636363,False,5.0,10.8,10.4,15.5,16.0
2025,Emilia Romagna Grand Prix,LEC,77.077,75.768,0.5319999999999965,0.4749999999999943,1.3089999999999975,11.0,0,Ferrari,22.80090909090909,39.41636363636363,False,6.0,4.4,5.2,4.5,8.5
2025,Emilia Romagna Grand Prix,RUS,76.599,75.693,0.054000000000002,0.3999999999999915,0.906000000000006,3.0,0,Mercedes,22.80090909090909,39.41636363636363,False,7.0,3.8,6.6,5.5,7.5
2025,Emilia Romagna Grand Prix,SAI,76.597,75.934,0.0519999999999925,0.6409999999999911,0.6629999999999967,6.0,0,Williams,22.80090909090909,39.41636363636363,False,8.0,8.8,10.4,12.5,16.0
2025,Emilia Romagna Grand Prix,HAD,77.641,75.792,1.0960000000000036,0.4989999999999952,1.849000000000004,9.0,0,Racing Bulls,22.80090909090909,39.41636363636363,False,9.0,12.75,13.6,,
2025,Emilia Romagna Grand Prix,TSU,77.356,75.827,0.8109999999999928,0.5339999999999918,1.5289999999999964,20.0,0,Red Bull Racing,22.80090909090909,39.41636363636363,False,10.0,12.2,8.6,8.5,3.0
2025,Emilia Romagna Grand Prix,ALO,77.121,76.22,0.5759999999999934,0.9269999999999924,0.9009999999999962,5.0,0,Aston Martin,22.80090909090909,39.41636363636363,False,11.0,11.8,15.0,19.0,11.5
2025,Emilia Romagna Grand Prix,HUL,76.998,76.419,0.4530000000000029,1.1259999999999906,0.5790000000000077,17.0,0,Kick Sauber,22.80090909090909,39.41636363636363,False,12.0,13.2,17.6,11.0,16.5
2025,Emilia Romagna Grand Prix,GAS,76.696,75.569,0.1509999999999962,0.2759999999999962,1.1269999999999951,10.0,0,Alpine,22.80090909090909,39.41636363636363,False,13.0,11.6,14.2,14.0,15.75
2025,Emilia Romagna Grand Prix,LAW,77.286,76.255,0.7409999999999997,0.9619999999999892,1.031000000000006,16.0,0,Racing Bulls,22.80090909090909,39.41636363636363,False,14.0,15.4,13.6,,
2025,Emilia Romagna Grand Prix,STR,77.032,76.341,0.4869999999999947,1.0479999999999876,0.6910000000000025,8.0,0,Aston Martin,22.80090909090909,39.41636363636363,False,15.0,14.8,15.0,9.5,11.5
2025,Emilia Romagna Grand Prix,COL,77.373,76.044,0.828000000000003,0.7509999999999906,1.3290000000000075,15.0,0,Alpine,22.80090909090909,39.41636363636363,False,16.0,12.8,14.2,,15.75
2025,Emilia Romagna Grand Prix,BEA,77.446,76.009,0.9009999999999962,0.715999999999994,1.4369999999999976,16.0,0,Haas F1 Team,22.80090909090909,39.41636363636363,False,17.0,11.0,12.6,,12.333333333333334
2025,Emilia Romagna Grand Prix,BOR,76.925,76.339,0.3799999999999954,1.0459999999999925,0.5859999999999985,14.0,0,Kick Sauber,22.80090909090909,39.41636363636363,False,18.0,17.666666666666668,17.6,,16.5
2025,Emilia Romagna Grand Prix,ANT,77.094,76.406,0.5489999999999924,1.1129999999999995,0.6879999999999882,13.0,0,Mercedes,22.80090909090909,39.41636363636363,False,19.0,6.75,6.6,,7.5
2025,Emilia Romagna Grand Prix,OCO,77.662,76.42,1.1170000000000044,1.1269999999999951,1.2420000000000044,18.0,0,Haas F1 Team,22.80090909090909,39.41636363636363,False,20.0,14.0,12.6,14.0,12.333333333333334
2025,Monaco Grand Prix,NOR,72.29,71.677,0.3260000000000076,0.3220000000000027,0.6129999999999995,1.0,0,McLaren,21.137634408602157,40.28709677419354,False,1.0,2.4,2.6,6.333333333333333,7.333333333333333
2025,Monaco Grand Prix,LEC,71.964,71.355,0.0,0.0,0.6089999999999947,2.0,0,Ferrari,21.137634408602157,40.28709677419354,False,2.0,4.8,5.0,3.6666666666666665,4.0
2025,Monaco Grand Prix,PIA,72.342,71.393,0.3780000000000001,0.0379999999999967,0.948999999999998,3.0,0,McLaren,21.137634408602157,40.28709677419354,False,3.0,3.4,2.6,6.0,7.333333333333333
2025,Monaco Grand Prix,VER,72.127,72.068,0.1629999999999967,0.7129999999999939,0.0589999999999975,5.0,0,Red Bull Racing,21.137634408602157,40.28709677419354,False,4.0,2.2,8.2,3.3333333333333335,7.5
2025,Monaco Grand Prix,HAM,72.69,71.46,0.7259999999999991,0.1049999999999897,1.230000000000004,4.0,0,Ferrari,21.137634408602157,40.28709677419354,False,5.0,6.6,5.0,6.333333333333333,4.0
2025,Monaco Grand Prix,HAD,73.187,71.842,1.222999999999999,0.4869999999999947,1.3449999999999989,6.0,0,Racing Bulls,21.137634408602157,40.28709677419354,False,6.0,12.0,12.2,,
2025,Monaco Grand Prix,OCO,73.394,72.541,1.4300000000000068,1.1859999999999928,0.8530000000000086,8.0,0,Haas F1 Team,21.137634408602157,40.28709677419354,False,7.0,14.6,14.4,10.666666666666666,19.0
2025,Monaco Grand Prix,LAW,73.429,71.823,1.4650000000000034,0.4679999999999893,1.6060000000000088,9.0,0,Racing Bulls,21.137634408602157,40.28709677419354,False,8.0,14.8,12.2,,
2025,Monaco Grand Prix,ALB,72.314,71.918,0.3499999999999943,0.5630000000000024,0.3959999999999866,10.0,0,Williams,21.137634408602157,40.28709677419354,False,9.0,8.0,8.4,13.666666666666666,14.833333333333334
2025,Monaco Grand Prix,SAI,72.534,72.151,0.5700000000000074,0.7959999999999923,0.3830000000000098,11.0,0,Williams,21.137634408602157,40.28709677419354,False,10.0,10.2,8.4,4.333333333333333,14.833333333333334
2025,Monaco Grand Prix,RUS,72.482,72.092,0.5180000000000007,0.7369999999999948,0.3900000000000005,14.0,0,Mercedes,21.137634408602157,40.28709677419354,False,11.0,5.0,9.6,5.0,5.666666666666667
2025,Monaco Grand Prix,BEA,73.329,72.259,1.3649999999999949,0.9039999999999964,1.0699999999999932,17.0,0,Haas F1 Team,21.137634408602157,40.28709677419354,False,12.0,12.5,14.4,,19.0
2025,Monaco Grand Prix,COL,73.82,73.415,1.8559999999999943,2.0600000000000023,0.4049999999999869,20.0,0,Alpine,21.137634408602157,40.28709677419354,False,13.0,14.4,16.0,,9.333333333333334
2025,Monaco Grand Prix,BOR,73.47,72.234,1.5060000000000002,0.8789999999999907,1.2360000000000042,16.0,0,Kick Sauber,21.137634408602157,40.28709677419354,False,14.0,17.75,16.6,,14.5
2025,Monaco Grand Prix,STR,75.635,72.512,3.6710000000000074,1.1569999999999965,3.1230000000000047,19.0,0,Aston Martin,21.137634408602157,40.28709677419354,False,15.0,14.8,14.0,16.0,11.833333333333334
2025,Monaco Grand Prix,HUL,72.979,72.262,1.0150000000000006,0.9069999999999964,0.7169999999999987,13.0,0,Kick Sauber,21.137634408602157,40.28709677419354,False,16.0,14.0,16.6,18.0,14.5
2025,Monaco Grand Prix,TSU,73.232,72.072,1.268000000000001,0.7169999999999987,1.1599999999999966,12.0,0,Red Bull Racing,21.137634408602157,40.28709677419354,False,17.0,12.4,8.2,13.333333333333334,7.5
2025,Monaco Grand Prix,ANT,72.765,72.002,0.8010000000000019,0.6469999999999914,0.7630000000000052,15.0,0,Mercedes,21.137634408602157,40.28709677419354,False,18.0,9.2,9.6,,5.666666666666667
2025,Monaco Grand Prix,ALO,72.727,71.89,0.7630000000000052,0.5349999999999966,0.8370000000000033,7.0,0,Aston Martin,21.137634408602157,40.28709677419354,False,19.0,11.8,14.0,6.666666666666667,11.833333333333334
2025,Monaco Grand Prix,GAS,72.669,72.404,0.7049999999999983,1.0489999999999924,0.2650000000000005,18.0,0,Alpine,21.137634408602157,40.28709677419354,False,20.0,12.8,16.0,9.333333333333334,9.333333333333334
2025,Spanish Grand Prix,PIA,74.294,72.76,0.5759999999999934,0.0,1.5339999999999918,1.0,0,McLaren,29.13636363636364,46.82337662337662,False,1.0,2.2,2.6,10.0,9.833333333333334
2025,Spanish Grand Prix,NOR,73.718,73.07,0.0,0.309999999999988,0.6480000000000103,2.0,0,McLaren,29.13636363636364,46.82337662337662,False,2.0,2.4,2.6,9.0,9.833333333333334
2025,Spanish Grand Prix,LEC,74.238,73.26,0.519999999999996,0.5,0.9779999999999944,7.0,0,Ferrari,29.13636363636364,46.82337662337662,False,3.0,4.6,4.8,12.0,8.5
2025,Spanish Grand Prix,RUS,74.751,73.046,1.0330000000000013,0.2860000000000013,1.7049999999999983,4.0,0,Mercedes,29.13636363636364,46.82337662337662,False,4.0,6.2,12.2,3.3333333333333335,3.3333333333333335
2025,Spanish Grand Prix,HUL,74.865,73.592,1.1469999999999914,0.8319999999999936,1.272999999999996,16.0,0,Kick Sauber,29.13636363636364,46.82337662337662,False,5.0,15.8,15.0,15.0,14.5
2025,Spanish Grand Prix,HAM,74.096,73.533,0.3780000000000001,0.7729999999999961,0.5630000000000024,5.0,0,Ferrari,29.13636363636364,46.82337662337662,False,6.0,5.6,4.8,3.3333333333333335,8.5
2025,Spanish Grand Prix,HAD,74.605,73.4,0.8870000000000005,0.6400000000000006,1.2049999999999983,9.0,0,Racing Bulls,29.13636363636364,46.82337662337662,False,7.0,9.2,9.8,,
2025,Spanish Grand Prix,GAS,74.746,73.385,1.0279999999999916,0.625,1.36099999999999,8.0,0,Alpine,29.13636363636364,46.82337662337662,False,8.0,14.6,16.4,10.666666666666666,8.833333333333334
2025,Spanish Grand Prix,ALO,74.798,73.301,1.0799999999999983,0.5409999999999968,1.497,10.0,0,Aston Martin,29.13636363636364,46.82337662337662,False,9.0,13.8,15.2,9.333333333333334,10.833333333333334
2025,Spanish Grand Prix,VER,74.085,73.07,0.3669999999999902,0.309999999999988,1.0150000000000006,3.0,0,Red Bull Racing,29.13636363636364,46.82337662337662,False,10.0,2.0,10.2,1.0,3.0
2025,Spanish Grand Prix,LAW,74.339,73.494,0.6209999999999951,0.7339999999999947,0.8449999999999989,13.0,0,Racing Bulls,29.13636363636364,46.82337662337662,False,11.0,13.4,9.8,,
2025,Spanish Grand Prix,BOR,75.155,73.959,1.4369999999999976,1.198999999999998,1.195999999999998,12.0,0,Kick Sauber,29.13636363636364,46.82337662337662,False,12.0,17.0,15.0,,14.5
2025,Spanish Grand Prix,TSU,74.643,73.683,0.9249999999999972,0.9230000000000018,0.9599999999999936,20.0,0,Red Bull Racing,29.13636363636364,46.82337662337662,False,13.0,13.4,10.2,13.666666666666666,3.0
2025,Spanish Grand Prix,SAI,74.935,73.721,1.2169999999999987,0.9609999999999984,1.2139999999999986,18.0,0,Williams,29.13636363636364,46.82337662337662,False,14.0,11.6,8.2,5.0,18.0
2025,Spanish Grand Prix,COL,75.53,74.303,1.8119999999999976,1.5429999999999922,1.227000000000004,19.0,0,Alpine,29.13636363636364,46.82337662337662,False,15.0,14.8,16.4,,8.833333333333334
2025,Spanish Grand Prix,BEA,74.597,74.126,0.8789999999999907,1.3659999999999997,0.4709999999999894,15.0,0,Haas F1 Team,29.13636363636364,46.82337662337662,False,17.0,12.4,14.0,,16.2
2025,Spanish Grand Prix,ANT,75.369,73.298,1.6509999999999962,0.5379999999999967,2.070999999999998,6.0,0,Mercedes,29.13636363636364,46.82337662337662,False,18.0,12.0,12.2,,3.3333333333333335
2025,Canadian Grand Prix,RUS,73.535,72.123,0.3419999999999987,0.0,1.411999999999992,1.0,0,Mercedes,21.3,43.14588235294119,False,1.0,6.4,14.0,3.5,3.5
2025,Canadian Grand Prix,VER,73.193,72.666,0.0,0.5429999999999922,0.527000000000001,2.0,0,Red Bull Racing,21.3,43.14588235294119,False,2.0,3.6,10.8,1.0,7.833333333333333
2025,Canadian Grand Prix,ANT,74.002,72.411,0.8089999999999975,0.2879999999999967,1.590999999999994,4.0,0,Mercedes,21.3,43.14588235294119,False,3.0,14.4,14.0,,3.5
2025,Canadian Grand Prix,PIA,74.198,72.562,1.0049999999999957,0.4389999999999929,1.6359999999999957,3.0,0,McLaren,21.3,43.14588235294119,False,4.0,1.8,2.0,8.0,9.5
2025,Canadian Grand Prix,HAM,73.62,72.653,0.4270000000000067,0.5300000000000011,0.9669999999999987,5.0,0,Ferrari,21.3,43.14588235294119,False,6.0,5.4,4.4,3.5,8.5
2025,Canadian Grand Prix,ALO,73.972,72.458,0.7789999999999964,0.3349999999999937,1.5139999999999958,6.0,0,Aston Martin,21.3,43.14588235294119,False,7.0,12.2,13.8,5.666666666666667,7.666666666666667
2025,Canadian Grand Prix,HUL,74.821,72.914,1.628,0.7909999999999968,1.9069999999999965,13.0,0,Kick Sauber,21.3,43.14588235294119,False,8.0,13.6,13.0,13.0,14.0
2025,Canadian Grand Prix,OCO,74.605,73.175,1.412000000000006,1.0519999999999925,1.4300000000000068,15.0,0,Haas F1 Team,21.3,43.14588235294119,False,9.0,13.4,14.6,6.0,15.166666666666666
2025,Canadian Grand Prix,SAI,73.275,72.631,0.0820000000000078,0.5079999999999956,0.6440000000000055,17.0,0,Williams,21.3,43.14588235294119,False,10.0,10.8,9.2,7.666666666666667,15.5
2025,Canadian Grand Prix,BEA,74.52,73.08,1.3269999999999982,0.9569999999999936,1.4399999999999975,14.0,0,Haas F1 Team,21.3,43.14588235294119,False,11.0,13.8,14.6,,15.166666666666666
2025,Canadian Grand Prix,TSU,73.927,72.939,0.7340000000000089,0.8159999999999883,0.9880000000000138,11.0,0,Red Bull Racing,21.3,43.14588235294119,False,12.0,13.6,10.8,15.333333333333334,7.833333333333333
2025,Canadian Grand Prix,COL,74.645,73.898,1.4519999999999982,1.7749999999999917,0.7469999999999999,12.0,0,Alpine,21.3,43.14588235294119,False,13.0,15.4,14.4,,8.0
2025,Canadian Grand Prix,BOR,74.324,72.896,1.1310000000000002,0.7729999999999961,1.4279999999999973,16.0,0,Kick Sauber,21.3,43.14588235294119,False,14.0,16.2,13.0,,14.0
2025,Canadian Grand Prix,GAS,73.817,72.874,0.6239999999999952,0.7509999999999906,0.9429999999999978,20.0,0,Alpine,21.3,43.14588235294119,False,15.0,13.6,14.4,11.5,8.0
2025,Canadian Grand Prix,HAD,73.631,72.799,0.4380000000000024,0.6760000000000019,0.8319999999999936,9.0,0,Racing Bulls,21.3,43.14588235294119,False,16.0,9.0,9.2,,
2025,Canadian Grand Prix,STR,74.203,109.253,1.0100000000000051,37.13,-35.05,18.0,0,Aston Martin,21.3,43.14588235294119,False,17.0,16.6,13.8,8.666666666666666,7.666666666666667
2025,Canadian Grand Prix,NOR,73.651,72.151,0.4579999999999984,0.0279999999999915,1.5,7.0,0,McLaren,21.3,43.14588235294119,False,18.0,2.4,2.0,10.0,9.5
2025,Canadian Grand Prix,LAW,73.737,72.751,0.5439999999999969,0.6280000000000001,0.98599999999999,19.0,0,Racing Bulls,21.3,43.14588235294119,False,19.0,12.2,9.2,,
2025,Canadian Grand Prix,ALB,73.232,72.445,0.0390000000000014,0.3219999999999885,0.7870000000000061,10.0,0,Williams,21.3,43.14588235294119,False,20.0,8.8,9.2,12.333333333333334,15.5
2025,Austrian Grand Prix,PIA,65.697,64.737,0.1550000000000011,0.1569999999999964,0.960000000000008,3.0,0,McLaren,27.77386363636364,47.19659090909091,False,2.0,2.4,5.6,,8.0
2025,Austrian Grand Prix,HAM,66.099,65.511,0.5570000000000022,0.9309999999999974,0.5880000000000081,4.0,0,Ferrari,27.77386363636364,47.19659090909091,False,4.0,5.6,4.4,3.0,9.5
2025,Austrian Grand Prix,RUS,65.542,65.229,0.0,0.6490000000000009,0.3130000000000024,5.0,0,Mercedes,27.77386363636364,47.19659090909091,False,5.0,5.6,8.8,4.0,3.5
2025,Austrian Grand Prix,LAW,66.189,65.543,0.6469999999999914,0.963000000000008,0.6459999999999866,6.0,0,Racing Bulls,27.77386363636364,47.19659090909091,False,6.0,12.8,12.2,,
2025,Austrian Grand Prix,ALO,66.17,65.457,0.6280000000000001,0.8769999999999953,0.7130000000000081,11.0,0,Aston Martin,27.77386363636364,47.19659090909091,False,7.0,11.4,13.4,10.0,15.0
2025,Austrian Grand Prix,BOR,65.874,65.411,0.3319999999999936,0.8310000000000031,0.4629999999999938,8.0,0,Kick Sauber,27.77386363636364,47.19659090909091,False,8.0,15.2,11.0,,
2025,Austrian Grand Prix,HUL,66.14,65.918,0.597999999999999,1.338000000000008,0.2219999999999942,20.0,0,Kick Sauber,27.77386363636364,47.19659090909091,False,9.0,11.2,11.0,,
2025,Austrian Grand Prix,OCO,66.51,65.698,0.9680000000000036,1.117999999999995,0.8120000000000118,17.0,0,Haas F1 Team,27.77386363636364,47.19659090909091,False,10.0,11.6,11.2,5.0,7.0
2025,Austrian Grand Prix,BEA,66.738,65.835,1.195999999999998,1.2549999999999957,0.9030000000000058,15.0,0,Haas F1 Team,27.77386363636364,47.19659090909091,False,11.0,14.0,11.2,,7.0
2025,Austrian Grand Prix,HAD,66.11,65.547,0.5679999999999978,0.9669999999999987,0.5630000000000024,13.0,0,Racing Bulls,27.77386363636364,47.19659090909091,False,12.0,9.6,12.2,,
2025,Austrian Grand Prix,GAS,65.78,65.613,0.2379999999999995,1.0330000000000013,0.1670000000000016,10.0,0,Alpine,27.77386363636364,47.19659090909091,False,13.0,15.2,14.2,15.0,7.5
2025,Austrian Grand Prix,STR,66.16,65.022,0.617999999999995,0.4420000000000073,1.137999999999991,16.0,0,Aston Martin,27.77386363636364,47.19659090909091,False,14.0,16.0,13.4,13.0,15.0
2025,Austrian Grand Prix,COL,66.246,66.176,0.7039999999999935,1.5960000000000036,0.0699999999999931,14.0,0,Alpine,27.77386363636364,47.19659090909091,False,15.0,15.2,14.2,,7.5
2025,Austrian Grand Prix,TSU,66.262,65.292,0.7199999999999989,0.7120000000000033,0.9699999999999988,18.0,0,Red Bull Racing,27.77386363636364,47.19659090909091,False,16.0,14.2,10.8,16.0,11.0
2025,Austrian Grand Prix,ALB,65.946,65.765,0.4039999999999963,1.1850000000000025,0.1809999999999973,12.0,0,Williams,27.77386363636364,47.19659090909091,False,17.0,11.0,12.6,12.0,15.5
2025,Austrian Grand Prix,VER,65.607,64.898,0.0649999999999977,0.3179999999999978,0.7090000000000032,7.0,0,Red Bull Racing,27.77386363636364,47.19659090909091,False,18.0,3.8,10.8,2.0,11.0
2025,Austrian Grand Prix,ANT,66.13,65.537,0.5879999999999939,0.9570000000000078,0.5929999999999893,9.0,0,Mercedes,27.77386363636364,47.19659090909091,False,19.0,12.8,8.8,,3.5
2025,Austrian Grand Prix,SAI,66.017,65.814,0.4749999999999943,1.2339999999999949,0.2030000000000029,19.0,0,Williams,27.77386363636364,47.19659090909091,False,20.0,10.0,12.6,18.0,15.5
2025,British Grand Prix,NOR,86.915,85.816,0.0230000000000103,0.0,1.0990000000000038,3.0,0,McLaren,20.196551724137933,27.432183908045985,False,1.0,5.4,5.4,3.6666666666666665,5.333333333333333
2025,British Grand Prix,PIA,87.042,86.286,0.1500000000000056,0.4699999999999988,0.7560000000000002,2.0,0,McLaren,20.196551724137933,27.432183908045985,False,2.0,2.6,5.4,4.0,5.333333333333333
2025,British Grand Prix,HAM,86.892,86.117,0.0,0.3010000000000019,0.7749999999999915,5.0,0,Ferrari,20.196551724137933,27.432183908045985,False,4.0,5.0,4.8,2.3333333333333335,6.8
2025,British Grand Prix,VER,87.432,86.314,0.5400000000000063,0.4979999999999904,1.1180000000000092,1.0,0,Red Bull Racing,20.196551724137933,27.432183908045985,False,5.0,7.0,12.2,3.3333333333333335,3.6
2025,British Grand Prix,GAS,88.332,87.174,1.4399999999999975,1.358000000000004,1.157999999999987,10.0,0,Alpine,20.196551724137933,27.432183908045985,False,6.0,13.8,14.2,17.0,14.8
2025,British Grand Prix,STR,87.844,86.43,0.9519999999999982,0.6140000000000043,1.4139999999999873,18.0,0,Aston Martin,20.196551724137933,27.432183908045985,False,7.0,15.4,10.8,10.666666666666666,9.333333333333334
2025,British Grand Prix,ALB,87.304,86.84,0.4120000000000061,1.024000000000001,0.4639999999999986,14.0,0,Williams,20.196551724137933,27.432183908045985,False,8.0,12.0,16.2,12.333333333333334,12.0
2025,British Grand Prix,ALO,87.678,86.876,0.7860000000000014,1.0600000000000025,0.8019999999999925,9.0,0,Aston Martin,20.196551724137933,27.432183908045985,False,9.0,10.6,10.8,6.666666666666667,9.333333333333334
2025,British Grand Prix,RUS,87.163,86.523,0.2710000000000008,0.7069999999999936,0.6400000000000006,4.0,0,Mercedes,20.196551724137933,27.432183908045985,False,10.0,5.6,9.2,14.0,8.166666666666666
2025,British Grand Prix,BEA,88.147,87.226,1.2550000000000097,1.4099999999999966,0.9210000000000064,8.0,0,Haas F1 Team,20.196551724137933,27.432183908045985,False,11.0,13.6,11.6,,11.2
2025,British Grand Prix,SAI,87.909,87.159,1.01700000000001,1.3430000000000035,0.75,11.0,0,Williams,20.196551724137933,27.432183908045985,False,12.0,12.4,16.2,5.333333333333333,12.0
2025,British Grand Prix,OCO,88.057,86.941,1.1650000000000065,1.125,1.1159999999999997,15.0,0,Haas F1 Team,20.196551724137933,27.432183908045985,False,13.0,12.0,11.6,17.0,11.2
2025,British Grand Prix,LEC,87.095,86.038,0.2030000000000029,0.2219999999999942,1.0570000000000022,6.0,0,Ferrari,20.196551724137933,27.432183908045985,False,14.0,3.6,4.8,9.0,6.8
2025,British Grand Prix,ANT,87.367,86.383,0.4750000000000085,0.5669999999999931,0.9840000000000088,7.0,0,Mercedes,20.196551724137933,27.432183908045985,False,16.0,15.4,9.2,,8.166666666666666
2025,British Grand Prix,HAD,87.217,86.524,0.3250000000000028,0.7079999999999984,0.6929999999999978,13.0,0,Racing Bulls,20.196551724137933,27.432183908045985,False,17.0,10.0,12.8,,
2025,British Grand Prix,BOR,88.397,86.904,1.5050000000000097,1.087999999999994,1.4930000000000092,17.0,0,Kick Sauber,20.196551724137933,27.432183908045985,False,18.0,13.2,10.2,,16.5
2025,British Grand Prix,LAW,87.351,86.624,0.4590000000000032,0.8079999999999927,0.7270000000000039,16.0,0,Racing Bulls,20.196551724137933,27.432183908045985,False,19.0,11.6,12.8,,
2025,British Grand Prix,COL,88.086,87.289,1.1940000000000026,1.472999999999999,0.796999999999997,20.0,0,Alpine,20.196551724137933,27.432183908045985,False,20.0,14.4,14.2,,14.8
2025,Hungarian Grand Prix,NOR,76.052,75.624,0.0,0.0,0.4280000000000115,3.0,0,McLaren,28.14880952380953,42.53333333333334,False,1.0,4.8,5.4,3.6666666666666665,5.333333333333333
2025,Hungarian Grand Prix,PIA,76.071,75.915,0.018999999999991246,0.291000000000011,0.1559999999999917,2.0,0,McLaren,28.14880952380953,42.53333333333334,False,2.0,2.4,5.4,3.0,5.333333333333333
2025,Hungarian Grand Prix,RUS,76.925,76.417,0.8729999999999905,0.7930000000000064,0.5079999999999956,4.0,0,Mercedes,28.14880952380953,42.53333333333334,False,3.0,6.2,10.6,5.666666666666667,4.333333333333333
2025,Hungarian Grand Prix,LEC,76.269,76.023,0.21699999999999875,0.3990000000000009,0.24600000000000932,1.0,0,Ferrari,28.14880952380953,42.53333333333334,False,4.0,5.6,6.8,5.666666666666667,5.833333333333333
2025,Hungarian Grand Prix,BOR,77.652,76.946,1.5999999999999943,1.3220000000000027,0.7060000000000031,7.0,0,Kick Sauber,28.14880952380953,42.53333333333334,False,6.0,13.2,11.4,,17.5
2025,Hungarian Grand Prix,STR,76.958,76.119,0.9059999999999917,0.49500000000000455,0.8389999999999986,6.0,0,Aston Martin,28.14880952380953,42.53333333333334,False,7.0,13.6,10.8,10.333333333333334,10.166666666666666
2025,Hungarian Grand Prix,LAW,77.184,76.812,1.1319999999999908,1.1880000000000024,0.3719999999999999,9.0,0,Racing Bulls,28.14880952380953,42.53333333333334,False,8.0,12.6,14.6,,
2025,Hungarian Grand Prix,VER,76.94,76.791,0.887999999999991,1.1670000000000016,0.1490000000000009,8.0,0,Red Bull Racing,28.14880952380953,42.53333333333334,False,9.0,7.8,10.6,2.3333333333333335,3.6666666666666665
2025,Hungarian Grand Prix,ANT,76.88,76.52,0.8279999999999887,0.8960000000000008,0.35999999999999943,15.0,0,Mercedes,28.14880952380953,42.53333333333334,False,10.0,14.8,10.6,,4.333333333333333
2025,Hungarian Grand Prix,HAD,76.681,76.427,0.6289999999999907,0.8030000000000115,0.2539999999999907,10.0,0,Racing Bulls,28.14880952380953,42.53333333333334,False,11.0,11.6,14.6,,
2025,Hungarian Grand Prix,HAM,76.734,76.329,0.681999999999988,0.7049999999999983,0.40500000000000114,12.0,0,Ferrari,28.14880952380953,42.53333333333334,False,12.0,5.0,6.8,3.0,5.833333333333333
2025,Hungarian Grand Prix,SAI,77.195,76.874,1.1429999999999865,1.25,0.32099999999999795,13.0,0,Williams,28.14880952380953,42.53333333333334,False,14.0,13.2,15.4,6.0,15.833333333333334
2025,Hungarian Grand Prix,ALB,76.984,77.021,0.931999999999988,1.3970000000000056,-0.03700000000000614,20.0,0,Williams,28.14880952380953,42.53333333333334,False,15.0,11.8,15.4,14.0,15.833333333333334
2025,Hungarian Grand Prix,OCO,77.004,76.704,0.9519999999999982,1.0799999999999983,0.30000000000001137,18.0,0,Haas F1 Team,28.14880952380953,42.53333333333334,False,16.0,11.8,11.2,15.333333333333334,15.2
2025,Hungarian Grand Prix,TSU,77.393,76.485,1.340999999999994,0.8610000000000042,0.9080000000000013,16.0,0,Red Bull Racing,28.14880952380953,42.53333333333334,False,17.0,13.6,10.6,14.333333333333334,3.6666666666666665
2025,Hungarian Grand Prix,COL,77.464,77.159,1.411999999999992,1.5350000000000108,0.3049999999999926,14.0,0,Alpine,28.14880952380953,42.53333333333334,False,18.0,15.2,13.8,,15.666666666666666
2025,Hungarian Grand Prix,GAS,77.123,77.043,1.070999999999998,1.4190000000000111,0.0799999999999983,17.0,0,Alpine,28.14880952380953,42.53333333333334,False,19.0,12.4,13.8,17.333333333333332,15.666666666666666
2025,Hungarian Grand Prix,BEA,76.878,76.567,0.8259999999999934,0.9429999999999978,0.31100000000000705,11.0,0,Haas F1 Team,28.14880952380953,42.53333333333334,False,20.0,12.4,11.2,,15.2
2025,Dutch Grand Prix,PIA,70.57,69.979,0.2919999999999874,0.08899999999999864,0.590999999999994,1.0,0,McLaren,20.594871794871793,34.228205128205126,False,1.0,2.2,1.6,6.5,7.5
2025,Dutch Grand Prix,VER,71.218,70.478,0.9399999999999977,0.5879999999999939,0.7400000000000091,3.0,0,Red Bull Racing,20.594871794871793,34.228205128205126,False,2.0,8.8,13.0,1.3333333333333333,3.1666666666666665
2025,Dutch Grand Prix,HAD,71.772,,1.4939999999999998,,,4.0,0,Racing Bulls,20.594871794871793,34.228205128205126,False,3.0,12.6,13.4,,
2025,Dutch Grand Prix,RUS,71.386,70.274,1.1079999999999899,0.38400000000000034,1.1119999999999948,5.0,0,Mercedes,20.594871794871793,34.228205128205126,False,4.0,4.6,11.6,8.666666666666666,7.333333333333333
2025,Dutch Grand Prix,ALB,71.171,71.756,0.8930000000000007,1.8659999999999997,-0.5849999999999937,15.0,0,Williams,20.594871794871793,34.228205128205126,False,5.0,13.8,13.8,11.333333333333334,14.666666666666666
2025,Dutch Grand Prix,BEA,72.564,71.113,2.285999999999987,1.222999999999999,1.4509999999999934,19.0,0,Haas F1 Team,20.594871794871793,34.228205128205126,False,6.0,14.0,14.2,,14.166666666666666
2025,Dutch Grand Prix,STR,70.779,71.975,0.5009999999999906,2.0849999999999937,-1.195999999999998,20.0,0,Aston Martin,20.594871794871793,34.228205128205126,False,7.0,12.0,8.8,11.333333333333334,10.0
2025,Dutch Grand Prix,ALO,70.841,69.977,0.5629999999999882,0.0870000000000033,0.8639999999999901,10.0,0,Aston Martin,20.594871794871793,34.228205128205126,False,8.0,10.2,8.8,6.0,10.0
2025,Dutch Grand Prix,TSU,72.126,70.795,1.847999999999999,0.9050000000000011,1.331000000000003,12.0,0,Red Bull Racing,20.594871794871793,34.228205128205126,False,9.0,15.0,13.0,17.333333333333332,3.1666666666666665
2025,Dutch Grand Prix,OCO,72.144,71.361,1.8659999999999997,1.4710000000000036,0.7830000000000013,18.0,0,Haas F1 Team,20.594871794871793,34.228205128205126,False,10.0,11.0,14.2,11.333333333333334,14.166666666666666
2025,Dutch Grand Prix,COL,72.276,70.957,1.9979999999999905,1.066999999999993,1.3190000000000026,16.0,0,Alpine,20.594871794871793,34.228205128205126,False,11.0,16.2,15.6,,8.666666666666666
2025,Dutch Grand Prix,LAW,71.753,71.339,1.4749999999999943,1.448999999999998,0.4140000000000015,8.0,0,Racing Bulls,20.594871794871793,34.228205128205126,False,12.0,12.6,13.4,,
2025,Dutch Grand Prix,SAI,71.458,71.682,1.1799999999999926,1.7920000000000016,-0.22400000000000375,9.0,0,Williams,20.594871794871793,34.228205128205126,False,13.0,14.0,13.8,6.5,14.666666666666666
2025,Dutch Grand Prix,HUL,71.875,71.08,1.5969999999999942,1.1899999999999977,0.7950000000000017,17.0,0,Kick Sauber,20.594871794871793,34.228205128205126,False,14.0,10.0,11.0,11.5,20.0
2025,Dutch Grand Prix,BOR,71.509,71.32,1.2309999999999945,1.4299999999999926,0.18900000000000716,13.0,0,Kick Sauber,20.594871794871793,34.228205128205126,False,15.0,11.6,11.0,,20.0
2025,Dutch Grand Prix,ANT,74.275,71.185,3.997,1.2950000000000017,3.0900000000000034,11.0,0,Mercedes,20.594871794871793,34.228205128205126,False,16.0,13.2,11.6,,7.333333333333333
2025,Dutch Grand Prix,GAS,71.613,72.122,1.3349999999999937,2.2319999999999993,-0.5090000000000003,14.0,0,Alpine,20.594871794871793,34.228205128205126,False,17.0,12.2,15.6,7.666666666666667,8.666666666666666
2025,Dutch Grand Prix,NOR,70.278,69.89,0.0,0.0,0.38800000000000523,2.0,0,McLaren,20.594871794871793,34.228205128205126,False,18.0,4.6,1.6,5.0,7.5
2025,Dutch Grand Prix,LEC,71.951,70.834,1.6729999999999876,0.9440000000000026,1.1169999999999902,6.0,0,Ferrari,20.594871794871793,34.228205128205126,False,19.0,5.8,7.6,8.333333333333334,7.6
2025,Dutch Grand Prix,HAM,71.96,70.738,1.681999999999988,0.847999999999999,1.2219999999999942,7.0,0,Ferrari,20.594871794871793,34.228205128205126,False,20.0,6.4,7.6,6.0,7.6
2025,Italian Grand Prix,VER,80.692,80.077,0.5749999999999886,0.19899999999999807,0.6149999999999949,1.0,0,Red Bull Racing,26.60641025641026,42.77820512820513,False,1.0,7.2,8.4,2.6666666666666665,4.0
2025,Italian Grand Prix,NOR,81.021,79.878,0.9039999999999964,0.0,1.1430000000000007,2.0,0,McLaren,26.60641025641026,42.77820512820513,False,2.0,8.0,4.8,6.0,8.166666666666666
2025,Italian Grand Prix,LEC,80.286,79.961,0.16899999999999693,0.08299999999999841,0.32500000000000284,4.0,0,Ferrari,26.60641025641026,42.77820512820513,False,4.0,8.4,13.8,2.3333333333333335,3.0
2025,Italian Grand Prix,RUS,81.11,80.276,0.992999999999995,0.39799999999999613,0.8340000000000032,6.0,0,Mercedes,26.60641025641026,42.77820512820513,False,5.0,4.6,9.8,4.0,4.8
2025,Italian Grand Prix,HAM,80.117,80.07,0.0,0.19199999999999307,0.047000000000011255,5.0,0,Ferrari,26.60641025641026,42.77820512820513,False,6.0,9.2,13.8,5.333333333333333,3.0
2025,Italian Grand Prix,ALB,81.073,80.179,0.9559999999999889,0.30100000000000193,0.8939999999999912,14.0,0,Williams,26.60641025641026,42.77820512820513,False,7.0,13.0,11.8,8.0,11.2
2025,Italian Grand Prix,BOR,81.172,80.475,1.0549999999999926,0.5969999999999942,0.6970000000000027,8.0,0,Kick Sauber,26.60641025641026,42.77820512820513,False,8.0,12.2,12.4,,17.0
2025,Italian Grand Prix,ANT,80.94,81.367,0.8229999999999933,1.4890000000000043,-0.4270000000000067,7.0,0,Mercedes,26.60641025641026,42.77820512820513,False,9.0,12.8,9.8,,4.8
2025,Italian Grand Prix,HAD,81.158,80.383,1.0409999999999968,0.5049999999999955,0.7750000000000057,16.0,0,Racing Bulls,26.60641025641026,42.77820512820513,False,10.0,11.8,10.6,,
2025,Italian Grand Prix,SAI,80.65,79.974,0.5330000000000013,0.09600000000000364,0.6760000000000019,13.0,0,Williams,26.60641025641026,42.77820512820513,False,11.0,13.8,11.8,3.6666666666666665,11.2
2025,Italian Grand Prix,BEA,82.058,80.607,1.9410000000000025,0.7289999999999992,1.4510000000000076,11.0,0,Haas F1 Team,26.60641025641026,42.77820512820513,False,12.0,11.8,13.0,,15.6
2025,Italian Grand Prix,TSU,81.292,80.269,1.1749999999999972,0.39100000000000534,1.0229999999999961,10.0,0,Red Bull Racing,26.60641025641026,42.77820512820513,False,13.0,13.4,8.4,18.0,4.0
2025,Italian Grand Prix,LAW,81.201,80.811,1.083999999999989,0.9330000000000069,0.38999999999998636,20.0,0,Racing Bulls,26.60641025641026,42.77820512820513,False,14.0,12.8,10.6,11.0,
2025,Italian Grand Prix,OCO,81.642,80.654,1.5249999999999915,0.7759999999999962,0.9879999999999995,15.0,0,Haas F1 Team,26.60641025641026,42.77820512820513,False,15.0,11.6,13.0,14.666666666666666,15.6
2025,Italian Grand Prix,GAS,81.653,81.102,1.5360000000000014,1.2240000000000038,0.5510000000000019,19.0,0,Alpine,26.60641025641026,42.77820512820513,False,16.0,14.0,17.0,12.666666666666666,15.5
2025,Italian Grand Prix,STR,81.295,80.528,1.1779999999999973,0.6500000000000057,0.7669999999999959,17.0,0,Aston Martin,26.60641025641026,42.77820512820513,False,18.0,10.4,7.6,18.5,14.25
2025,Italian Grand Prix,ALO,81.114,80.645,0.9969999999999999,0.7669999999999959,0.4690000000000083,9.0,0,Aston Martin,26.60641025641026,42.77820512820513,False,19.0,8.0,7.6,13.0,14.25
2025,Italian Grand Prix,HUL,81.179,80.241,1.0619999999999976,0.36299999999999955,0.9380000000000024,12.0,0,Kick Sauber,26.60641025641026,42.77820512820513,False,20.0,10.4,12.4,17.0,17.0
2025,Azerbaijan Grand Prix,VER,103.79,101.902,1.0860000000000127,0.6089999999999947,1.8880000000000052,1.0,0,Red Bull Racing,20.748888888888892,26.07851851851852,True,1.0,7.0,8.4,3.0,6.25
2025,Azerbaijan Grand Prix,RUS,103.257,101.77,0.5530000000000115,0.47699999999998965,1.487000000000009,5.0,0,Mercedes,20.748888888888892,26.07851851851852,True,2.0,5.4,8.8,3.0,4.75
2025,Azerbaijan Grand Prix,SAI,103.859,102.255,1.1550000000000011,0.9619999999999891,1.6039999999999992,2.0,0,Williams,20.748888888888892,26.07851851851852,True,3.0,14.0,10.2,19.0,10.5
2025,Azerbaijan Grand Prix,ANT,103.985,101.779,1.281000000000006,0.48599999999999,2.206000000000003,4.0,0,Mercedes,20.748888888888892,26.07851851851852,True,4.0,14.0,8.8,,4.75
2025,Azerbaijan Grand Prix,LAW,103.903,101.989,1.1990000000000123,0.695999999999998,1.9140000000000015,3.0,0,Racing Bulls,20.748888888888892,26.07851851851852,True,5.0,11.8,10.0,,
2025,Azerbaijan Grand Prix,TSU,103.738,102.444,1.034000000000006,1.1509999999999962,1.293999999999997,6.0,0,Red Bull Racing,20.748888888888892,26.07851851851852,True,6.0,13.4,8.4,16.5,6.25
2025,Azerbaijan Grand Prix,NOR,102.704,102.199,0.0,0.9059999999999917,0.5049999999999955,7.0,0,McLaren,20.748888888888892,26.07851851851852,True,7.0,8.0,4.8,6.5,5.5
2025,Azerbaijan Grand Prix,HAM,104.087,101.293,1.3830000000000098,0.0,2.793999999999997,12.0,0,Ferrari,20.748888888888892,26.07851851851852,True,8.0,9.2,12.2,6.5,14.75
2025,Azerbaijan Grand Prix,LEC,103.256,101.367,0.5520000000000067,0.07399999999999807,1.8889999999999958,10.0,0,Ferrari,20.748888888888892,26.07851851851852,True,9.0,8.8,12.2,10.5,14.75
2025,Azerbaijan Grand Prix,HAD,103.975,102.443,1.2710000000000008,1.1499999999999915,1.5319999999999965,8.0,0,Racing Bulls,20.748888888888892,26.07851851851852,True,10.0,10.6,10.0,,
2025,Azerbaijan Grand Prix,BOR,104.087,102.561,1.3830000000000098,1.2680000000000007,1.5259999999999962,13.0,0,Kick Sauber,20.748888888888892,26.07851851851852,True,11.0,11.0,12.6,,15.0
2025,Azerbaijan Grand Prix,BEA,104.151,101.891,1.4470000000000027,0.597999999999999,2.259999999999991,15.0,0,Haas F1 Team,20.748888888888892,26.07851851851852,True,12.0,12.0,12.6,10.0,13.0
2025,Azerbaijan Grand Prix,ALB,103.563,102.177,0.8590000000000089,0.8840000000000003,1.3859999999999957,19.0,0,Williams,20.748888888888892,26.07851851851852,True,13.0,10.4,10.2,9.5,10.5
2025,Azerbaijan Grand Prix,OCO,104.439,102.167,1.7349999999999994,0.8739999999999952,2.2719999999999914,20.0,0,Haas F1 Team,20.748888888888892,26.07851851851852,True,14.0,12.8,12.6,12.5,13.0
2025,Azerbaijan Grand Prix,ALO,104.139,102.967,1.4350000000000023,1.6739999999999924,1.171999999999997,11.0,0,Aston Martin,20.748888888888892,26.07851851851852,True,15.0,10.0,11.8,6.5,11.75
2025,Azerbaijan Grand Prix,HUL,103.986,102.82,1.2820000000000107,1.5269999999999868,1.166000000000011,17.0,0,Kick Sauber,20.748888888888892,26.07851851851852,True,16.0,11.2,12.6,11.0,15.0
2025,Azerbaijan Grand Prix,STR,104.329,102.771,1.625,1.4779999999999944,1.5579999999999927,14.0,0,Aston Martin,20.748888888888892,26.07851851851852,True,17.0,10.6,11.8,17.5,11.75
2025,Azerbaijan Grand Prix,GAS,105.418,102.674,2.714000000000013,1.3810000000000002,2.7439999999999998,18.0,0,Alpine,20.748888888888892,26.07851851851852,True,18.0,14.2,16.2,8.5,11.0
2025,Azerbaijan Grand Prix,COL,105.299,103.322,2.595000000000013,2.0289999999999964,1.9770000000000039,16.0,0,Alpine,20.748888888888892,26.07851851851852,True,19.0,15.4,16.2,8.0,11.0
2025,Azerbaijan Grand Prix,PIA,103.014,102.295,0.3100000000000023,1.0019999999999953,0.7189999999999941,9.0,0,McLaren,20.748888888888892,26.07851851851852,True,20.0,2.2,4.8,1.0,5.5
2025,Singapore Grand Prix,RUS,92.139,93.231,1.0229999999999961,2.516999999999996,-1.0919999999999987,1.0,0,Mercedes,29.863414634146345,34.9609756097561,False,1.0,4.8,7.2,11.333333333333334,8.666666666666666
2025,Singapore Grand Prix,VER,91.392,90.857,0.27599999999999625,0.14300000000000068,0.5349999999999966,2.0,0,Red Bull Racing,29.863414634146345,34.9609756097561,False,2.0,3.6,6.0,4.666666666666667,5.5
2025,Singapore Grand Prix,NOR,91.698,91.197,0.5819999999999936,0.4830000000000041,0.5009999999999906,5.0,0,McLaren,29.863414634146345,34.9609756097561,False,3.0,5.8,9.6,2.3333333333333335,3.6666666666666665
2025,Singapore Grand Prix,PIA,91.481,90.714,0.3649999999999949,0.0,0.7669999999999959,3.0,0,McLaren,29.863414634146345,34.9609756097561,False,4.0,5.4,9.6,5.0,3.6666666666666665
2025,Singapore Grand Prix,ANT,92.399,92.719,1.2830000000000013,2.0049999999999955,-0.3199999999999932,4.0,0,Mercedes,29.863414634146345,34.9609756097561,False,5.0,11.0,7.2,,8.666666666666666
2025,Singapore Grand Prix,LEC,91.266,91.466,0.15000000000000568,0.7519999999999953,-0.19999999999998863,7.0,0,Ferrari,29.863414634146345,34.9609756097561,False,6.0,10.0,9.4,3.6666666666666665,3.6666666666666665
2025,Singapore Grand Prix,ALO,91.116,90.877,0.0,0.1629999999999967,0.23900000000000432,10.0,0,Aston Martin,29.863414634146345,34.9609756097561,False,7.0,11.6,15.4,13.666666666666666,
2025,Singapore Grand Prix,HAM,91.48,91.491,0.3640000000000043,0.777000000000001,-0.01099999999999568,6.0,0,Ferrari,29.863414634146345,34.9609756097561,False,8.0,10.0,9.4,6.0,3.6666666666666665
2025,Singapore Grand Prix,BEA,92.538,91.711,1.421999999999997,0.9969999999999999,0.8269999999999982,9.0,0,Haas F1 Team,29.863414634146345,34.9609756097561,False,9.0,12.2,12.6,,12.666666666666666
2025,Singapore Grand Prix,SAI,91.812,91.299,0.695999999999998,0.585000000000008,0.512999999999991,20.0,0,Williams,29.863414634146345,34.9609756097561,False,10.0,10.6,9.4,3.6666666666666665,15.333333333333334
2025,Singapore Grand Prix,HAD,91.755,90.846,0.6389999999999958,0.132000000000005,0.9089999999999918,8.0,0,Racing Bulls,29.863414634146345,34.9609756097561,False,11.0,10.2,10.2,,
2025,Singapore Grand Prix,TSU,91.86,91.708,0.7439999999999998,0.9939999999999998,0.15200000000000102,13.0,0,Red Bull Racing,29.863414634146345,34.9609756097561,False,12.0,12.2,6.0,15.333333333333334,5.5
2025,Singapore Grand Prix,STR,93.034,91.222,1.9180000000000064,0.5079999999999956,1.8120000000000118,15.0,0,Aston Martin,29.863414634146345,34.9609756097561,False,13.0,11.2,15.4,,
2025,Singapore Grand Prix,ALB,117.029,92.06,25.912999999999997,1.3460000000000036,24.968999999999994,19.0,0,Williams,29.863414634146345,34.9609756097561,False,14.0,9.6,9.4,16.0,15.333333333333334
2025,Singapore Grand Prix,LAW,92.461,92.645,1.3449999999999989,1.9309999999999974,-0.1839999999999975,12.0,0,Racing Bulls,29.863414634146345,34.9609756097561,False,15.0,11.6,10.2,9.0,
2025,Singapore Grand Prix,COL,93.324,93.139,2.2079999999999984,2.424999999999997,0.18500000000000227,16.0,0,Alpine,29.863414634146345,34.9609756097561,False,16.0,16.6,16.2,11.0,14.666666666666666
2025,Singapore Grand Prix,BOR,92.611,92.319,1.4950000000000045,1.605000000000004,0.2920000000000016,14.0,0,Kick Sauber,29.863414634146345,34.9609756097561,False,17.0,11.6,14.0,,15.5
2025,Singapore Grand Prix,OCO,92.128,91.298,1.0120000000000005,0.5840000000000032,0.8299999999999983,17.0,0,Haas F1 Team,29.863414634146345,34.9609756097561,False,18.0,13.6,12.6,15.666666666666666,12.666666666666666
2025,Singapore Grand Prix,GAS,92.378,92.458,1.2620000000000005,1.7439999999999998,-0.0799999999999983,18.0,0,Alpine,29.863414634146345,34.9609756097561,False,19.0,15.2,16.2,11.0,14.666666666666666
2025,Singapore Grand Prix,HUL,92.315,92.069,1.198999999999998,1.355000000000004,0.2459999999999951,11.0,0,Kick Sauber,29.863414634146345,34.9609756097561,False,20.0,13.4,14.0,11.0,15.5
2025,Mexico City Grand Prix,LEC,78.38,77.545,0.0,0.1530000000000058,0.8349999999999937,2.0,0,Ferrari,26.189743589743586,46.035897435897446,False,2.0,8.4,7.4,4.5,3.8
2025,Mexico City Grand Prix,PIA,78.784,78.232,0.4040000000000106,0.8400000000000034,0.5520000000000067,8.0,0,McLaren,26.189743589743586,46.035897435897446,False,5.0,5.8,7.2,8.0,7.4
2025,Mexico City Grand Prix,ANT,78.487,77.566,0.10699999999999932,0.1740000000000066,0.9209999999999923,6.0,0,Mercedes,26.189743589743586,46.035897435897446,False,6.0,8.8,4.2,,3.0
2025,Mexico City Grand Prix,OCO,79.038,78.266,0.6580000000000013,0.8740000000000094,0.7719999999999914,12.0,0,Haas F1 Team,26.189743589743586,46.035897435897446,False,9.0,14.6,13.6,11.5,11.25
2025,Mexico City Grand Prix,BOR,78.916,78.323,0.5360000000000014,0.9309999999999974,0.5930000000000035,16.0,0,Kick Sauber,26.189743589743586,46.035897435897446,False,10.0,11.4,16.8,,14.0
2025,Mexico City Grand Prix,TSU,79.09,77.883,0.710000000000008,0.49099999999999966,1.2070000000000078,11.0,0,Red Bull Racing,26.189743589743586,46.035897435897446,False,11.0,11.4,6.8,20.0,8.0
2025,Mexico City Grand Prix,ALB,79.384,78.855,1.0040000000000049,1.463000000000008,0.5289999999999964,17.0,0,Williams,26.189743589743586,46.035897435897446,False,12.0,10.8,10.2,9.0,13.75
2025,Mexico City Grand Prix,HAD,79.409,78.281,1.0290000000000106,0.88900000000001,1.1280000000000001,9.0,0,Racing Bulls,26.189743589743586,46.035897435897446,False,13.0,9.0,11.0,,
2025,Mexico City Grand Prix,COL,79.331,78.721,0.9510000000000076,1.3290000000000077,0.6099999999999994,20.0,0,Alpine,26.189743589743586,46.035897435897446,False,16.0,16.8,17.6,12.0,13.0
2025,Mexico City Grand Prix,ALO,79.472,77.938,1.0919999999999987,0.5460000000000065,1.5339999999999918,14.0,0,Aston Martin,26.189743589743586,46.035897435897446,False,18.0,11.6,14.2,18.5,15.0
2025,Mexico City Grand Prix,HUL,78.76,78.348,0.38000000000000966,0.9560000000000031,0.41200000000000614,13.0,0,Kick Sauber,26.189743589743586,46.035897435897446,False,19.0,15.8,16.8,11.0,14.0
2025,Las Vegas Grand Prix,VER,95.109,94.105,0.30699999999998795,0.5030000000000001,1.0039999999999907,2.0,0,Red Bull Racing,11.728235294117646,12.549411764705884,True,1.0,3.0,6.4,3.0,4.75
2025,Las Vegas Grand Prix,RUS,95.534,94.037,0.7319999999999993,0.4350000000000023,1.4969999999999999,4.0,0,Mercedes,11.728235294117646,12.549411764705884,True,2.0,3.0,3.6,4.5,4.5
2025,Las Vegas Grand Prix,ANT,95.538,93.631,0.73599999999999,0.028999999999996362,1.9069999999999965,17.0,0,Mercedes,11.728235294117646,12.549411764705884,True,3.0,8.0,3.6,,4.5
2025,Las Vegas Grand Prix,LEC,94.802,93.763,0.0,0.16100000000000136,1.0390000000000015,9.0,0,Ferrari,11.728235294117646,12.549411764705884,True,4.0,8.0,6.6,3.0,3.75
2025,Las Vegas Grand Prix,SAI,95.179,94.435,0.37699999999999534,0.8329999999999984,0.7439999999999998,3.0,0,Williams,11.728235294117646,12.549411764705884,True,5.0,10.2,10.4,4.5,15.0
2025,Las Vegas Grand Prix,HAD,95.299,93.893,0.4969999999999999,0.2909999999999968,1.406000000000006,8.0,0,Racing Bulls,11.728235294117646,12.549411764705884,True,6.0,9.4,10.8,,
2025,Las Vegas Grand Prix,HUL,96.17,93.879,1.367999999999995,0.277000000000001,2.290999999999997,11.0,0,Kick Sauber,11.728235294117646,12.549411764705884,True,7.0,17.8,16.4,13.5,15.5
2025,Las Vegas Grand Prix,HAM,95.561,94.127,0.7590000000000003,0.5249999999999915,1.4340000000000117,20.0,0,Ferrari,11.728235294117646,12.549411764705884,True,8.0,10.8,6.6,4.5,3.75
2025,Las Vegas Grand Prix,OCO,96.123,95.228,1.320999999999998,1.6259999999999906,0.8950000000000102,13.0,0,Haas F1 Team,11.728235294117646,12.549411764705884,True,9.0,13.2,12.4,10.5,13.0
2025,Las Vegas Grand Prix,BEA,95.99,94.986,1.1879999999999882,1.3840000000000003,1.0039999999999907,14.0,0,Haas F1 Team,11.728235294117646,12.549411764705884,True,10.0,11.8,12.4,,13.0
2025,Las Vegas Grand Prix,ALO,95.746,95.012,0.9439999999999884,1.4099999999999966,0.7339999999999947,7.0,0,Aston Martin,11.728235294117646,12.549411764705884,True,11.0,13.4,14.0,10.0,10.0
2025,Las Vegas Grand Prix,TSU,95.071,94.692,0.26899999999999125,1.0899999999999892,0.3790000000000049,19.0,0,Red Bull Racing,11.728235294117646,12.549411764705884,True,12.0,10.2,6.4,13.5,4.75
2025,Las Vegas Grand Prix,GAS,95.589,94.373,0.7869999999999919,0.7710000000000008,1.215999999999994,10.0,0,Alpine,11.728235294117646,12.549411764705884,True,13.0,17.8,17.6,15.5,13.0
2025,Las Vegas Grand Prix,LAW,95.709,93.901,0.9069999999999965,0.2989999999999924,1.808000000000007,6.0,0,Racing Bulls,11.728235294117646,12.549411764705884,True,14.0,10.8,10.8,16.0,
2025,Las Vegas Grand Prix,COL,96.758,94.824,1.9559999999999889,1.2219999999999942,1.9339999999999975,15.0,0,Alpine,11.728235294117646,12.549411764705884,True,15.0,16.0,17.6,14.0,13.0
2025,Las Vegas Grand Prix,ALB,94.968,94.067,0.16599999999999682,0.4649999999999892,0.9010000000000105,16.0,0,Williams,11.728235294117646,12.549411764705884,True,16.0,10.2,10.4,15.5,15.0
2025,Las Vegas Grand Prix,BOR,96.398,95.499,1.5959999999999894,1.8969999999999914,0.8990000000000009,18.0,0,Kick Sauber,11.728235294117646,12.549411764705884,True,17.0,12.2,16.4,,15.5
2025,Las Vegas Grand Prix,STR,95.894,94.191,1.0919999999999987,0.5889999999999986,1.703000000000003,12.0,0,Aston Martin,11.728235294117646,12.549411764705884,True,18.0,12.4,14.0,10.0,10.0
2025,Las Vegas Grand Prix,NOR,95.258,93.602,0.45599999999998886,0.0,1.6559999999999917,1.0,0,McLaren,11.728235294117646,12.549411764705884,True,19.0,6.2,7.8,13.0,10.75
2025,Las Vegas Grand Prix,PIA,95.45,94.493,0.6479999999999961,0.8909999999999911,0.9570000000000078,5.0,0,McLaren,11.728235294117646,12.549411764705884,True,20.0,6.4,7.8,8.5,10.75
2025,Abu Dhabi Grand Prix,VER,84.493,83.446,0.007999999999995566,0.36299999999999955,1.046999999999997,1.0,0,Red Bull Racing,25.096103896103898,29.110389610389603,False,1.0,1.4,7.6,,11.5
2025,Abu Dhabi Grand Prix,NOR,84.485,83.083,0.0,0.0,1.402000000000001,2.0,0,McLaren,25.096103896103898,29.110389610389603,False,3.0,9.8,10.2,1.0,5.333333333333333
2025,Abu Dhabi Grand Prix,LEC,84.501,83.658,0.016000000000005343,0.5750000000000028,0.8430000000000035,5.0,0,Ferrari,25.096103896103898,29.110389610389603,False,4.0,5.0,5.6,2.5,7.666666666666667
2025,Abu Dhabi Grand Prix,RUS,84.733,83.462,0.24800000000000466,0.3790000000000049,1.2710000000000008,4.0,0,Mercedes,25.096103896103898,29.110389610389603,False,5.0,2.8,3.4,4.333333333333333,7.0
2025,Abu Dhabi Grand Prix,HUL,84.629,83.55,0.14400000000000546,0.46699999999999875,1.0790000000000077,18.0,0,Kick Sauber,25.096103896103898,29.110389610389603,False,9.0,16.4,14.6,8.0,15.5
2025,Abu Dhabi Grand Prix,BOR,84.742,83.57,0.257000000000005,0.48699999999999477,1.1720000000000113,7.0,0,Kick Sauber,25.096103896103898,29.110389610389603,False,11.0,12.6,14.6,,15.5
2025,Abu Dhabi Grand Prix,BEA,84.759,83.501,0.2740000000000009,0.41800000000000637,1.2579999999999956,11.0,0,Haas F1 Team,25.096103896103898,29.110389610389603,False,12.0,9.8,11.0,,15.25
2025,Abu Dhabi Grand Prix,SAI,84.771,83.872,0.28600000000000136,0.7890000000000015,0.8990000000000009,12.0,0,Williams,25.096103896103898,29.110389610389603,False,13.0,8.4,11.4,18.0,16.0
2025,Abu Dhabi Grand Prix,ANT,84.608,83.75,0.12300000000000466,0.6670000000000016,0.8580000000000041,14.0,0,Mercedes,25.096103896103898,29.110389610389603,False,15.0,5.4,3.4,,7.0
2025,Abu Dhabi Grand Prix,HAD,84.977,83.657,0.49200000000000443,0.5739999999999981,1.3200000000000074,9.0,0,Racing Bulls,25.096103896103898,29.110389610389603,False,17.0,10.0,11.8,,
2025,Abu Dhabi Grand Prix,COL,84.855,84.771,0.37000000000000455,1.6880000000000024,0.08400000000000318,20.0,0,Alpine,25.096103896103898,29.110389610389603,False,20.0,15.4,15.8,19.0,10.5
